ROW_ID,SUBJECT_ID,GENDER,DOB,DOD,DOD_HOSP,DOD_SSN,EXPIRE_FLAG,GENDER_CODE
6625952,97670,F,2058-07-09,2115-01-01 00:00:00,UNKNOWN,366-49-9720,1,0
8371263,12828,F,2077-12-15,UNKNOWN,2172-12-27 00:00:00,316-07-3562,0,0
2076715,30361,F,2085-11-23,UNKNOWN,UNKNOWN,086-77-7131,0,1
10976487,3217,F,1966-03-06,UNKNOWN,UNKNOWN,258-61-4398,0,0
5223035,10774,M,2131-01-31,UNKNOWN,UNKNOWN,554-44-5937,1,1
11260688,19743,M,2060-02-27,UNKNOWN,UNKNOWN,646-76-5626,0,0
3611567,22174,F,2112-02-18,UNKNOWN,UNKNOWN,359-58-8096,0,0
15873994,15069,M,2068-12-29,2169-02-26 00:00:00,UNKNOWN,889-60-6733,0,1
8714839,7004,M,2181-10-23,UNKNOWN,UNKNOWN,713-44-3998,0,1
9752708,66766,F,2045-03-08,2128-08-23 00:00:00,2198-01-23 00:00:00,716-49-7286,1,0
6209234,5466,M,2152-04-03,UNKNOWN,UNKNOWN,608-73-9542,0,0
6894631,4969,M,2016-04-22,UNKNOWN,UNKNOWN,326-03-5458,1,0
9565787,14283,M,2104-12-13,UNKNOWN,UNKNOWN,433-84-0986,0,1
16323410,19104,M,2027-02-16,UNKNOWN,UNKNOWN,699-53-0215,0,1
5320494,4488,M,2161-12-01,UNKNOWN,2190-07-10 00:00:00,077-67-3462,0,1
16304278,11518,M,2096-10-25,UNKNOWN,UNKNOWN,751-60-4608,0,1
13553753,45169,F,2059-12-20,2119-06-22 00:00:00,2113-01-24 00:00:00,308-05-0993,0,1
6399922,30065,F,2013-11-16,2200-04-28 00:00:00,2128-10-03 00:00:00,455-76-0379,0,1
12852695,73138,M,2178-01-26,2175-08-15 00:00:00,UNKNOWN,515-78-4846,1,1
10378007,6348,F,2154-12-26,UNKNOWN,UNKNOWN,499-18-9707,0,0
10078987,26185,M,2004-06-23,2185-12-06 00:00:00,UNKNOWN,472-95-4736,1,1
16122906,90008,F,2075-05-18,UNKNOWN,UNKNOWN,165-51-2471,0,1
16492983,2038,F,2093-05-10,UNKNOWN,UNKNOWN,325-64-7950,0,0
2815993,14578,F,1980-09-02,UNKNOWN,2193-12-15 00:00:00,448-74-4849,1,0
12395103,22771,F,1971-09-08,UNKNOWN,UNKNOWN,206-67-4725,0,1
13830439,60508,F,2089-05-13,UNKNOWN,2164-02-26 00:00:00,362-11-7597,1,0
14235739,13061,M,2065-04-01,2175-04-08 00:00:00,UNKNOWN,419-78-3724,1,0
4174133,77007,M,2140-08-28,2143-01-19 00:00:00,UNKNOWN,621-22-9786,0,1
15243680,2285,M,2150-08-02,2181-04-30 00:00:00,UNKNOWN,138-66-3445,1,1
11372742,17591,M,2079-09-09,2116-02-28 00:00:00,UNKNOWN,059-27-1663,1,1
14661473,931,M,2150-02-18,UNKNOWN,UNKNOWN,760-73-1641,0,1
7645843,24331,F,2114-03-27,UNKNOWN,UNKNOWN,854-14-1227,0,0
13230078,985,M,2108-08-15,UNKNOWN,UNKNOWN,585-72-7837,1,0
14292766,57713,M,2171-08-03,2143-10-23 00:00:00,UNKNOWN,655-04-9251,1,1
15908643,21007,M,2139-06-19,UNKNOWN,UNKNOWN,815-96-0749,0,1
3296756,91862,M,2063-03-04,UNKNOWN,UNKNOWN,862-50-5643,0,1
8413689,24642,M,2119-12-02,2120-10-11 00:00:00,2165-05-19 00:00:00,508-23-0645,0,0
5671995,91490,M,2101-11-24,UNKNOWN,UNKNOWN,131-63-1444,0,1
9828436,89265,F,1887-07-18,UNKNOWN,UNKNOWN,659-61-2379,0,0
5542682,11959,M,2077-12-16,2191-01-25 00:00:00,UNKNOWN,773-88-3764,1,1
884463,26840,M,2157-02-25,UNKNOWN,UNKNOWN,867-59-5491,0,1
7016593,10822,M,1987-09-03,2135-12-20 00:00:00,2150-06-11 00:00:00,203-79-1494,1,1
1663963,14005,M,2075-10-10,UNKNOWN,UNKNOWN,117-93-4834,0,0
10748344,18906,F,2021-08-06,UNKNOWN,2186-04-09 00:00:00,357-68-2917,0,0
16200793,41118,M,2066-10-25,UNKNOWN,UNKNOWN,886-07-8480,0,0
11786241,71297,F,2081-06-10,2138-06-07 00:00:00,2144-02-21 00:00:00,833-57-1238,0,0
2608047,3048,M,2092-09-11,2110-02-21 00:00:00,UNKNOWN,421-64-8060,1,1
11508712,21249,M,2114-07-05,UNKNOWN,UNKNOWN,800-98-7602,0,1
14148594,29374,F,2153-08-16,UNKNOWN,UNKNOWN,892-51-4954,0,0
772482,14735,F,2117-05-07,UNKNOWN,UNKNOWN,690-55-9037,0,1
8033117,4976,M,2149-06-30,UNKNOWN,UNKNOWN,390-54-1688,1,1
15730620,27493,F,2114-10-25,UNKNOWN,2123-02-21 00:00:00,143-31-5337,0,0
11685022,29728,M,2065-08-20,2149-09-07 00:00:00,2192-10-04 00:00:00,479-72-4791,0,1
11620775,46471,M,2055-06-24,2177-09-11 00:00:00,UNKNOWN,454-71-0591,0,0
14560392,7013,M,2079-03-22,2140-01-09 00:00:00,UNKNOWN,147-15-8702,1,1
6051477,46335,M,2049-04-14,UNKNOWN,UNKNOWN,556-78-0511,0,1
12442581,29869,M,2077-08-20,2153-01-18 00:00:00,UNKNOWN,735-63-9740,1,1
15553216,740,F,2162-03-25,UNKNOWN,UNKNOWN,786-93-0835,1,1
1753586,30981,F,2127-01-17,UNKNOWN,2173-12-26 00:00:00,839-41-6888,0,1
1784489,29460,M,2130-04-28,UNKNOWN,UNKNOWN,759-06-6362,0,0
1651537,16594,M,2163-02-14,2108-03-09 00:00:00,UNKNOWN,564-83-0095,0,1
14690157,44044,M,2107-09-10,UNKNOWN,UNKNOWN,365-92-6014,0,0
9157859,88304,M,2010-12-13,2188-12-10 00:00:00,UNKNOWN,370-73-3992,1,1
16112208,60570,F,2131-09-06,2130-10-05 00:00:00,UNKNOWN,302-42-2131,1,0
16247651,25937,F,1999-04-04,2164-11-18 00:00:00,2159-06-19 00:00:00,092-19-7132,1,1
16618213,29271,M,2098-07-31,UNKNOWN,UNKNOWN,392-87-3942,0,1
14109246,70285,F,2009-05-27,UNKNOWN,UNKNOWN,850-29-3393,0,1
14313225,9290,M,1999-04-08,UNKNOWN,UNKNOWN,896-18-2961,1,1
5401961,83947,F,2147-10-14,UNKNOWN,UNKNOWN,134-37-7630,0,1
15376447,14269,M,2059-12-17,2160-06-08 00:00:00,UNKNOWN,395-74-6049,0,1
6103638,25644,M,1980-01-16,UNKNOWN,2116-05-08 00:00:00,130-49-3602,1,0
889614,82138,M,2040-11-10,UNKNOWN,UNKNOWN,122-58-2174,1,1
12976394,31506,F,2117-01-19,UNKNOWN,UNKNOWN,462-09-1615,0,1
14994972,66772,M,2134-03-22,UNKNOWN,UNKNOWN,064-19-3526,0,1
3319508,28769,F,2088-04-09,2139-09-10 00:00:00,2101-07-27 00:00:00,154-91-4913,0,0
3345417,57151,M,2116-09-03,2165-09-18 00:00:00,UNKNOWN,812-68-6677,1,1
11491764,82947,F,1961-08-13,2187-03-23 00:00:00,UNKNOWN,782-67-4297,1,0
2059981,23385,M,2105-07-25,UNKNOWN,UNKNOWN,334-50-3896,1,1
5413087,65196,F,2122-04-03,UNKNOWN,UNKNOWN,886-85-2788,0,0
16688143,12340,M,2128-10-09,UNKNOWN,UNKNOWN,547-25-6022,0,1
5127250,68094,F,2067-06-07,2155-04-14 00:00:00,2134-10-30 00:00:00,014-25-6616,1,0
15262172,67061,F,2023-12-06,UNKNOWN,2140-11-16 00:00:00,065-19-4656,0,0
5461408,10447,M,2139-07-04,UNKNOWN,UNKNOWN,306-11-7367,0,1
10225569,65375,M,2057-02-01,2187-03-29 00:00:00,2159-12-25 00:00:00,110-98-2219,0,1
10794071,7214,M,2131-05-18,UNKNOWN,UNKNOWN,300-94-6885,0,1
10496778,2924,F,1930-04-19,2161-02-07 00:00:00,2179-11-25 00:00:00,614-77-8902,0,1
15764298,17711,M,2041-09-26,UNKNOWN,UNKNOWN,299-37-6066,0,0
5076072,19594,M,2086-09-13,UNKNOWN,2172-10-05 00:00:00,580-20-0612,0,1
12021257,64721,M,2113-11-03,UNKNOWN,UNKNOWN,010-32-6717,0,1
808635,73905,F,2168-11-24,UNKNOWN,UNKNOWN,217-75-5564,0,0
9017757,90969,F,2085-08-21,UNKNOWN,2164-09-29 00:00:00,496-05-6096,0,1
11902894,4645,M,2077-12-14,2144-03-31 00:00:00,2102-05-15 00:00:00,016-04-2636,0,1
9501774,24903,M,2147-06-07,UNKNOWN,UNKNOWN,530-02-2364,0,1
791929,15554,F,2029-06-10,2124-07-18 00:00:00,UNKNOWN,368-39-9062,0,0
10230942,1138,M,2098-07-05,UNKNOWN,UNKNOWN,449-19-6608,1,1
9102458,11286,M,2115-04-11,UNKNOWN,UNKNOWN,833-04-8276,0,1
8931899,18354,F,2120-05-26,UNKNOWN,UNKNOWN,886-10-5141,1,1
9654597,6269,F,2101-07-05,UNKNOWN,UNKNOWN,525-17-3528,0,0
11930258,27947,M,2096-10-08,2173-12-09 00:00:00,UNKNOWN,133-52-2267,1,0
5711574,1363,F,2095-10-30,UNKNOWN,UNKNOWN,331-10-0441,0,0
5793316,15722,M,2133-07-08,UNKNOWN,UNKNOWN,853-27-4700,1,1
1094365,23243,M,2128-05-29,2174-07-05 00:00:00,2186-09-15 00:00:00,706-90-9888,1,1
13268970,12827,M,2112-11-22,2173-07-19 00:00:00,2141-04-23 00:00:00,895-79-7147,1,1
4085018,66710,F,2163-12-06,UNKNOWN,UNKNOWN,553-74-6600,0,1
4435524,99004,M,2007-04-30,UNKNOWN,UNKNOWN,080-79-3276,0,1
2894559,14712,F,1884-02-24,2178-06-19 00:00:00,2145-01-18 00:00:00,583-41-2132,0,0
5002402,12040,M,2164-07-20,UNKNOWN,UNKNOWN,598-49-5673,0,1
5345990,75160,F,1975-03-14,UNKNOWN,UNKNOWN,007-22-1140,0,0
5996154,27603,M,2063-08-25,UNKNOWN,2116-07-31 00:00:00,654-68-2818,1,1
5240101,29805,M,2121-09-20,2138-06-27 00:00:00,UNKNOWN,062-35-4191,0,1
16149722,21227,F,2111-05-12,2195-12-27 00:00:00,UNKNOWN,625-47-9844,0,0
13318467,19795,M,2065-11-15,UNKNOWN,2138-10-21 00:00:00,732-19-8820,0,0
11492616,19306,M,2176-12-01,2130-02-11 00:00:00,2112-05-25 00:00:00,369-95-1930,1,1
4620348,57333,M,2111-04-16,2151-07-21 00:00:00,UNKNOWN,235-68-7932,0,1
16078258,12599,F,2151-09-23,UNKNOWN,UNKNOWN,788-17-7919,0,1
10797489,46551,F,2107-10-02,2167-05-18 00:00:00,2157-06-24 00:00:00,463-27-6142,1,0
1834924,55944,M,2057-03-31,2150-05-26 00:00:00,UNKNOWN,134-08-0991,1,1
12880803,5445,F,2073-03-28,UNKNOWN,UNKNOWN,055-76-2239,1,1
11730065,5562,M,2106-02-27,UNKNOWN,UNKNOWN,198-86-5285,0,1
11901394,26591,M,2133-11-11,UNKNOWN,UNKNOWN,122-40-1799,0,1
4817209,28479,M,2154-04-18,2151-07-15 00:00:00,2188-11-12 00:00:00,789-19-0642,1,1
1434266,77565,F,2093-11-04,2122-07-24 00:00:00,2145-05-04 00:00:00,358-20-9397,1,0
1981927,11929,M,2133-02-02,UNKNOWN,UNKNOWN,446-31-8216,0,1
2368047,15868,M,2168-07-27,UNKNOWN,UNKNOWN,216-81-1420,0,1
3966445,12766,M,2028-03-21,UNKNOWN,UNKNOWN,680-83-3729,0,0
2400848,83132,F,1964-12-30,UNKNOWN,UNKNOWN,023-58-1234,1,0
1062736,81692,F,2026-11-02,2187-10-02 00:00:00,UNKNOWN,532-19-0136,1,0
8979850,26835,M,2126-04-26,UNKNOWN,2113-11-09 00:00:00,267-70-9835,0,0
12040193,81081,M,2112-05-01,UNKNOWN,UNKNOWN,284-13-6127,0,1
3783429,55143,M,2056-01-05,2138-07-29 00:00:00,2162-05-27 00:00:00,559-30-1236,1,0
185218,14804,F,2125-09-14,UNKNOWN,UNKNOWN,662-18-6803,0,0
4044741,44616,F,1886-06-19,UNKNOWN,UNKNOWN,787-98-1099,0,0
9984635,10001,F,2073-11-01,2146-01-18 00:00:00,UNKNOWN,238-92-9077,0,0
1715260,56301,M,2122-03-18,UNKNOWN,UNKNOWN,884-62-8660,0,0
2664557,29431,M,2122-04-09,UNKNOWN,UNKNOWN,506-37-0086,0,1
11784059,8154,F,2184-03-13,UNKNOWN,UNKNOWN,181-20-6303,0,0
133520,4188,F,2165-10-17,UNKNOWN,UNKNOWN,746-15-8758,0,0
4866846,7141,F,2144-01-15,UNKNOWN,2168-12-23 00:00:00,774-45-0156,1,1
16567705,13335,F,2099-06-09,UNKNOWN,UNKNOWN,707-60-0916,0,0
901600,89854,M,2033-03-13,UNKNOWN,UNKNOWN,779-09-5300,0,0
7645166,54682,F,2143-12-09,UNKNOWN,UNKNOWN,130-16-1458,0,0
6124425,17038,M,2111-06-08,UNKNOWN,UNKNOWN,705-30-3862,0,1
9548044,93398,F,2175-03-23,UNKNOWN,UNKNOWN,489-04-2217,0,1
1293665,20739,M,2087-07-06,2113-09-19 00:00:00,UNKNOWN,639-45-9032,0,1
14686102,67140,M,1917-10-22,2199-10-01 00:00:00,2145-03-07 00:00:00,360-37-4590,1,1
11817288,97330,M,2160-07-26,UNKNOWN,UNKNOWN,758-92-1752,0,1
842991,12983,M,1990-06-14,UNKNOWN,2135-04-24 00:00:00,377-46-4122,0,1
6293319,17904,F,2112-07-27,UNKNOWN,UNKNOWN,367-20-9534,0,0
954897,28909,M,2096-12-24,UNKNOWN,UNKNOWN,701-05-6958,0,0
13101087,96686,F,2005-11-08,2193-08-22 00:00:00,UNKNOWN,777-57-9644,1,0
195143,21712,M,2049-01-10,UNKNOWN,UNKNOWN,583-94-2480,0,1
9056940,354,F,1969-10-06,UNKNOWN,2202-01-18 00:00:00,001-16-8670,1,0
7514713,20218,M,2114-09-13,UNKNOWN,2137-10-11 00:00:00,742-63-8314,1,1
16507582,16807,F,2009-02-18,2167-09-04 00:00:00,2197-08-01 00:00:00,047-01-2622,1,1
15683869,15002,M,2059-01-25,UNKNOWN,UNKNOWN,130-83-5803,0,1
8333236,927,M,2090-11-26,2164-08-07 00:00:00,UNKNOWN,791-18-0445,0,1
13434410,19319,F,2133-01-27,UNKNOWN,2116-11-29 00:00:00,022-07-0335,0,0
15117592,2986,F,1973-04-24,UNKNOWN,UNKNOWN,774-22-2501,0,0
10132445,99440,M,2025-11-01,2105-02-28 00:00:00,2158-07-14 00:00:00,608-91-5856,0,1
312113,92955,M,2015-08-10,2191-11-02 00:00:00,2139-04-06 00:00:00,478-22-2242,1,1
16598707,22024,M,1991-10-26,2108-01-12 00:00:00,UNKNOWN,568-68-5262,0,0
13441380,44632,M,2155-09-11,UNKNOWN,UNKNOWN,559-21-7426,0,1
5737073,15331,F,2087-06-18,UNKNOWN,UNKNOWN,653-25-7112,0,0
8268802,6243,F,2011-10-01,2194-02-07 00:00:00,UNKNOWN,542-15-8328,1,0
5611000,2875,M,2132-07-02,UNKNOWN,UNKNOWN,317-62-5942,0,1
12889248,26472,F,2040-02-22,2184-07-17 00:00:00,2159-08-29 00:00:00,555-19-0720,1,0
2368893,12628,F,2115-12-06,UNKNOWN,UNKNOWN,290-01-1294,0,0
6405486,29321,M,2101-10-19,UNKNOWN,UNKNOWN,096-31-2465,0,1
6217745,9575,M,2070-02-19,UNKNOWN,UNKNOWN,161-49-5389,0,1
6355742,31634,F,2066-04-29,UNKNOWN,2135-03-05 00:00:00,864-47-2307,0,0
13839324,89493,M,2036-03-03,UNKNOWN,UNKNOWN,600-79-4228,1,1
7621001,72908,M,2069-09-21,UNKNOWN,UNKNOWN,675-19-3209,0,0
3153591,88220,F,2131-03-29,2126-01-23 00:00:00,UNKNOWN,576-24-2082,1,1
11506935,30183,F,2033-01-16,UNKNOWN,UNKNOWN,225-17-5921,0,0
9481781,88731,M,2182-05-27,UNKNOWN,UNKNOWN,480-41-8202,0,1
4119854,60146,M,2092-07-17,UNKNOWN,UNKNOWN,493-14-9931,0,1
8050902,24374,M,2036-10-01,2143-02-17 00:00:00,UNKNOWN,064-17-5023,1,1
5437971,27507,M,1802-04-18,2123-10-05 00:00:00,UNKNOWN,139-71-2747,1,0
5338220,69805,F,1977-06-01,UNKNOWN,UNKNOWN,365-96-6652,0,0
3348971,20605,F,2144-12-24,UNKNOWN,UNKNOWN,585-08-8282,0,0
13574492,73756,M,2082-10-30,UNKNOWN,UNKNOWN,643-38-4647,1,1
1425101,27345,M,2118-04-21,2170-04-01 00:00:00,UNKNOWN,156-52-0365,0,1
10066264,15249,F,2169-10-29,UNKNOWN,UNKNOWN,324-98-9405,0,1
9094416,27362,M,1982-03-13,2168-04-12 00:00:00,UNKNOWN,781-60-2453,1,0
4439548,92288,M,2057-12-02,2102-04-04 00:00:00,UNKNOWN,662-36-9664,0,0
13189673,18048,M,2138-05-31,UNKNOWN,UNKNOWN,049-57-9278,0,1
3519185,6334,M,2074-02-18,UNKNOWN,UNKNOWN,485-78-0178,0,1
2451842,99023,M,2111-10-11,UNKNOWN,UNKNOWN,623-40-0554,0,1
9235957,63292,M,2032-12-17,2202-06-09 00:00:00,UNKNOWN,071-34-8397,0,1
1341344,13498,F,2142-05-24,UNKNOWN,UNKNOWN,634-71-5653,0,1
6968197,26418,F,2091-10-14,UNKNOWN,UNKNOWN,045-30-0295,0,1
10286392,90904,F,2047-03-25,UNKNOWN,2107-04-04 00:00:00,837-21-1530,0,0
11015684,61667,M,2151-04-04,UNKNOWN,UNKNOWN,275-90-8782,0,1
14851564,32611,M,2062-04-21,2114-12-08 00:00:00,UNKNOWN,696-02-5854,0,1
9983914,19911,M,2156-04-18,2126-12-12 00:00:00,UNKNOWN,041-88-4587,0,1
10255846,69442,F,2120-01-02,2112-10-16 00:00:00,2154-06-26 00:00:00,086-71-6609,1,0
5002801,43893,M,2084-02-05,2176-09-11 00:00:00,2198-05-12 00:00:00,693-63-1715,0,1
11901765,67050,F,2022-10-19,2122-12-07 00:00:00,UNKNOWN,281-15-7471,1,0
737934,44323,F,1908-04-20,2190-11-04 00:00:00,2197-10-22 00:00:00,412-07-4270,0,1
12878402,21349,M,2046-07-02,2187-11-11 00:00:00,UNKNOWN,266-37-1866,0,1
2557505,26105,F,2029-02-06,UNKNOWN,UNKNOWN,390-41-9203,0,0
16253042,15723,M,2129-05-06,UNKNOWN,UNKNOWN,434-68-5625,0,1
9804998,24091,M,2019-07-19,2166-11-29 00:00:00,UNKNOWN,097-67-0832,0,1
8881689,18839,F,2140-12-22,UNKNOWN,UNKNOWN,444-80-2940,0,1
4389545,1552,M,2116-07-30,UNKNOWN,UNKNOWN,835-51-2610,0,1
2315289,94734,M,1963-07-02,UNKNOWN,UNKNOWN,635-69-6087,0,1
14096818,84632,F,2162-05-26,UNKNOWN,UNKNOWN,667-50-7855,1,0
14445459,23301,M,2142-12-09,UNKNOWN,UNKNOWN,546-13-7302,0,1
11685676,11358,M,2052-06-21,2179-05-08 00:00:00,UNKNOWN,050-99-6121,1,1
16567103,7611,F,2080-02-10,2126-04-22 00:00:00,2168-04-13 00:00:00,606-50-4558,1,0
3816688,40519,F,2150-09-02,UNKNOWN,UNKNOWN,533-20-9047,0,0
9572806,52456,M,2050-02-27,2191-05-25 00:00:00,UNKNOWN,408-46-1962,0,0
195977,32067,M,2099-12-10,2162-04-09 00:00:00,2184-02-18 00:00:00,669-61-4927,1,1
15035908,3226,M,2096-06-12,UNKNOWN,2167-03-19 00:00:00,209-90-4755,1,1
3706636,12033,M,2077-04-01,2180-01-05 00:00:00,2170-11-20 00:00:00,300-64-0659,0,1
6552681,6025,F,2072-12-21,UNKNOWN,UNKNOWN,460-23-5734,0,0
13498932,42093,M,2123-09-18,UNKNOWN,UNKNOWN,132-50-0245,0,1
15864683,90688,F,2105-12-02,2143-09-10 00:00:00,UNKNOWN,445-04-9918,0,1
7241186,21934,M,2144-06-21,2175-03-23 00:00:00,UNKNOWN,524-95-7304,0,1
5390775,5325,M,2104-11-30,UNKNOWN,UNKNOWN,349-82-7793,0,0
11259418,5193,F,2096-11-26,UNKNOWN,UNKNOWN,002-60-8800,0,0
5874360,21554,F,1981-09-19,UNKNOWN,UNKNOWN,449-77-4612,0,0
5447547,72540,F,2086-12-29,UNKNOWN,UNKNOWN,128-86-7621,1,1
7006557,44191,M,2051-05-10,UNKNOWN,2152-12-28 00:00:00,175-81-8956,0,1
7008519,13195,M,2136-01-17,2150-10-17 00:00:00,UNKNOWN,485-17-5937,1,1
8808621,44841,M,1996-03-18,UNKNOWN,UNKNOWN,726-95-7219,0,1
2769720,7007,F,2166-10-23,UNKNOWN,UNKNOWN,150-37-4085,0,1
13861484,66190,F,2019-07-25,UNKNOWN,2163-05-18 00:00:00,610-96-6901,0,0
2747734,17804,M,2030-03-16,UNKNOWN,UNKNOWN,438-08-0490,0,1
3839127,28073,M,2056-10-10,2117-11-22 00:00:00,2180-04-25 00:00:00,438-11-3018,0,1
2444282,31426,F,1988-07-09,UNKNOWN,UNKNOWN,023-46-4702,1,0
1610145,17163,M,2090-06-22,UNKNOWN,UNKNOWN,897-16-7936,0,0
11216279,97492,M,2166-08-24,UNKNOWN,UNKNOWN,258-53-3366,1,0
946154,15428,M,2071-04-03,UNKNOWN,UNKNOWN,276-01-2927,0,1
15229631,21078,F,2051-08-23,2153-01-17 00:00:00,UNKNOWN,715-38-9168,1,1
8853237,18528,F,2101-12-11,2196-10-30 00:00:00,UNKNOWN,432-08-4695,1,0
10867220,17500,F,2052-07-04,UNKNOWN,2150-08-20 00:00:00,461-76-9970,1,0
5097967,712,F,2081-03-24,UNKNOWN,UNKNOWN,257-34-8961,1,0
10288879,23892,M,2090-07-14,2189-12-08 00:00:00,UNKNOWN,093-97-2032,1,1
464023,91475,F,2040-12-15,UNKNOWN,UNKNOWN,827-53-7320,0,0
15550379,10011,M,1969-05-02,UNKNOWN,UNKNOWN,537-44-6697,0,0
1425947,31283,M,2091-02-10,UNKNOWN,UNKNOWN,627-50-6536,0,0
10462032,64354,F,2043-05-09,2161-01-21 00:00:00,2129-10-15 00:00:00,774-87-8336,1,1
9595376,29937,M,2117-08-12,2188-06-05 00:00:00,2173-11-08 00:00:00,304-86-8603,1,1
15140919,4270,M,2142-11-09,UNKNOWN,UNKNOWN,527-56-0704,0,1
7120380,44506,M,2060-03-10,UNKNOWN,UNKNOWN,188-21-8400,0,1
1377115,10562,F,2121-02-03,UNKNOWN,UNKNOWN,769-05-3021,1,1
6875530,27775,F,2130-01-26,2151-11-06 00:00:00,2164-07-20 00:00:00,235-32-9642,1,1
9424990,31106,M,2100-01-24,UNKNOWN,UNKNOWN,266-84-0478,0,1
7470412,18305,F,2131-08-02,2130-12-26 00:00:00,2195-05-14 00:00:00,285-30-3543,1,1
15929298,79032,M,2119-03-31,UNKNOWN,UNKNOWN,258-97-3125,1,1
5229993,7689,F,2152-10-02,UNKNOWN,UNKNOWN,764-40-0204,0,1
732136,32359,M,2034-03-23,UNKNOWN,UNKNOWN,846-62-9227,0,0
6707438,28410,M,2101-04-09,UNKNOWN,UNKNOWN,766-25-3323,0,1
15873215,2953,M,2145-01-05,UNKNOWN,UNKNOWN,447-18-7170,0,1
16130987,15654,F,2127-05-25,UNKNOWN,UNKNOWN,664-74-2360,0,1
10096620,832,M,2164-09-19,2174-10-10 00:00:00,UNKNOWN,033-48-1407,1,1
3150354,69591,M,1867-07-09,2140-11-03 00:00:00,UNKNOWN,831-65-9868,1,0
12304026,64062,F,1950-12-14,2153-12-04 00:00:00,2153-01-01 00:00:00,316-94-6860,1,0
9655819,26185,M,2054-09-14,UNKNOWN,UNKNOWN,849-10-5440,0,0
13620590,57779,M,2018-03-18,2197-10-23 00:00:00,UNKNOWN,113-11-1021,0,1
1894508,86511,M,2121-06-13,2172-06-20 00:00:00,UNKNOWN,834-44-8600,0,0
1304717,8188,F,2132-03-16,UNKNOWN,UNKNOWN,163-27-4975,0,0
9216941,3670,F,2103-03-06,2190-04-04 00:00:00,UNKNOWN,656-17-8567,1,0
10575970,27689,M,2154-10-03,UNKNOWN,UNKNOWN,175-73-1898,0,1
10800142,42765,M,1988-09-09,2156-08-07 00:00:00,UNKNOWN,888-70-0352,1,1
7021686,15833,M,2140-06-08,UNKNOWN,UNKNOWN,613-77-8692,0,1
4994945,22229,F,2010-10-02,2150-12-22 00:00:00,UNKNOWN,719-69-1777,0,0
3103128,2293,M,2106-07-27,UNKNOWN,UNKNOWN,789-50-9415,0,1
5691797,26148,M,2114-06-16,UNKNOWN,UNKNOWN,163-98-7997,0,1
6482098,30847,F,2127-09-01,2129-02-22 00:00:00,UNKNOWN,736-42-0125,0,0
2361990,40912,M,2138-09-05,2168-11-21 00:00:00,UNKNOWN,631-20-8808,1,0
339705,49650,F,2155-07-04,UNKNOWN,UNKNOWN,172-06-7511,0,1
5403305,887,F,2108-09-02,2120-11-14 00:00:00,UNKNOWN,384-13-2481,1,0
12303131,12516,M,2027-10-22,2189-06-24 00:00:00,UNKNOWN,286-17-8042,0,1
8499636,15295,M,2008-11-01,UNKNOWN,2186-09-17 00:00:00,845-41-4117,0,1
631990,29254,F,2155-03-15,2123-12-14 00:00:00,UNKNOWN,609-20-8427,1,1
1864577,11845,F,1981-11-30,UNKNOWN,UNKNOWN,856-57-3518,0,0
4987574,56240,F,2098-09-10,UNKNOWN,UNKNOWN,126-24-0111,0,1
4347123,57126,M,2115-01-25,UNKNOWN,UNKNOWN,839-25-7635,0,1
6959512,53600,M,2021-04-28,UNKNOWN,UNKNOWN,443-58-5821,0,1
5927664,26849,F,2076-07-12,UNKNOWN,UNKNOWN,317-81-0238,0,0
1591704,46775,F,2088-11-12,UNKNOWN,UNKNOWN,796-78-7073,0,0
10854649,4347,F,2026-04-24,2188-01-28 00:00:00,UNKNOWN,397-24-5113,0,0
5972867,9304,M,2045-09-07,UNKNOWN,UNKNOWN,888-96-8833,0,0
4727924,25695,F,2001-09-27,2179-11-11 00:00:00,UNKNOWN,136-44-4849,1,1
7977067,63320,M,1978-03-27,UNKNOWN,UNKNOWN,770-53-3751,0,1
6340788,43437,M,2036-03-20,UNKNOWN,2171-08-01 00:00:00,358-42-3445,0,1
346286,68887,M,2106-03-19,2121-05-02 00:00:00,UNKNOWN,556-02-9686,1,1
4686194,10340,F,1990-08-05,2157-10-08 00:00:00,UNKNOWN,827-40-5082,1,0
10737005,5354,F,2118-07-29,UNKNOWN,UNKNOWN,268-24-0134,0,1
3341970,94030,M,2157-05-14,UNKNOWN,UNKNOWN,048-09-7514,0,1
4256705,5178,F,2100-11-12,UNKNOWN,UNKNOWN,098-95-2511,0,0
3583981,48257,F,2095-12-23,UNKNOWN,UNKNOWN,540-96-1276,0,0
2343102,96238,M,2089-07-26,2180-01-28 00:00:00,2121-02-22 00:00:00,110-85-3294,1,1
16582137,88726,M,2104-02-24,2119-12-14 00:00:00,2117-01-25 00:00:00,216-16-3595,1,0
11500866,18523,F,2178-06-02,2113-04-22 00:00:00,2116-12-18 00:00:00,545-42-7671,1,1
3254685,46935,F,2084-11-12,2114-12-05 00:00:00,UNKNOWN,867-60-3515,1,1
3278497,11539,F,2177-06-23,UNKNOWN,UNKNOWN,396-84-7557,0,0
8393103,18295,F,2129-01-31,2203-07-26 00:00:00,2180-04-20 00:00:00,891-20-4526,0,1
12449635,78570,F,2183-08-22,UNKNOWN,UNKNOWN,600-67-5949,0,0
14863103,6345,M,1959-12-17,UNKNOWN,UNKNOWN,629-70-8216,1,1
10676217,11033,M,2110-05-25,UNKNOWN,UNKNOWN,623-25-0513,0,1
8088597,98309,F,2117-06-29,2127-07-08 00:00:00,UNKNOWN,382-42-3279,1,1
2314178,31506,M,2042-12-23,UNKNOWN,UNKNOWN,455-91-4808,1,1
6257402,7418,M,2184-05-09,UNKNOWN,UNKNOWN,615-76-4449,0,1
14395213,97772,M,1955-11-08,2152-11-18 00:00:00,UNKNOWN,349-56-6517,1,1
11442256,55012,M,2091-12-09,2149-12-13 00:00:00,UNKNOWN,195-17-8469,1,1
13921430,27742,F,2094-07-21,UNKNOWN,UNKNOWN,682-09-0260,0,0
643026,12194,M,2179-07-21,UNKNOWN,UNKNOWN,833-01-1975,0,0
15338156,24768,M,2039-08-18,2102-04-03 00:00:00,UNKNOWN,494-12-5251,0,0
5268878,80511,M,2086-04-18,2129-12-07 00:00:00,UNKNOWN,439-45-2644,1,1
3255547,91770,F,2085-12-24,2130-05-23 00:00:00,2113-10-03 00:00:00,587-99-9670,1,0
10278360,11881,M,2075-06-23,UNKNOWN,UNKNOWN,442-13-7841,0,1
5870204,30861,M,2145-11-30,2116-06-17 00:00:00,2128-08-06 00:00:00,619-37-0716,1,0
14822958,19312,M,2168-04-08,2139-10-12 00:00:00,2133-04-17 00:00:00,843-74-2605,1,0
13256158,26897,F,2054-08-02,2185-07-20 00:00:00,2101-07-29 00:00:00,032-51-2265,1,0
11248075,5500,M,2019-04-03,UNKNOWN,UNKNOWN,527-48-1604,0,1
13053528,91548,M,2130-06-05,2132-11-17 00:00:00,UNKNOWN,135-43-7921,1,0
16185603,78904,M,2042-02-09,2189-10-06 00:00:00,2188-09-26 00:00:00,648-81-4363,1,1
11965415,87468,F,2072-05-04,UNKNOWN,UNKNOWN,373-69-2260,0,1
6706824,22188,F,2115-07-22,2130-01-04 00:00:00,UNKNOWN,634-67-7401,1,1
6297171,74722,M,2152-02-18,UNKNOWN,UNKNOWN,281-17-5506,0,0
15220471,30695,M,2134-09-23,UNKNOWN,UNKNOWN,867-22-4648,0,1
11593166,90368,F,1877-11-15,UNKNOWN,UNKNOWN,325-99-1390,0,0
5167377,47949,M,2156-02-01,UNKNOWN,UNKNOWN,326-19-1890,0,1
8946897,55440,M,2182-11-30,UNKNOWN,2124-03-24 00:00:00,051-38-1996,0,1
112106,22175,M,2049-04-28,UNKNOWN,UNKNOWN,238-50-7391,1,1
8975641,99613,M,2118-12-28,UNKNOWN,UNKNOWN,769-46-9675,0,1
2843835,73292,F,2004-09-15,UNKNOWN,UNKNOWN,718-86-5855,0,1
3291431,92438,M,2083-02-17,UNKNOWN,2157-02-27 00:00:00,780-50-3062,0,0
9021339,12365,M,2087-04-15,2137-05-12 00:00:00,2171-10-06 00:00:00,231-53-9200,1,1
16542894,15007,F,2050-11-19,UNKNOWN,UNKNOWN,686-29-5387,0,0
6891346,2424,M,2135-12-15,2184-03-16 00:00:00,UNKNOWN,568-23-1943,1,0
325287,30945,F,2008-11-04,UNKNOWN,UNKNOWN,330-41-3949,0,1
14623688,31809,F,2074-02-10,UNKNOWN,UNKNOWN,030-45-9242,1,0
6571500,22116,M,2073-03-16,UNKNOWN,UNKNOWN,456-89-5876,1,1
4324557,77801,M,1924-07-16,UNKNOWN,UNKNOWN,348-22-1536,0,1
8143976,42555,F,2131-03-02,UNKNOWN,UNKNOWN,312-52-9947,0,0
14347231,29324,F,2033-09-29,UNKNOWN,UNKNOWN,299-65-2098,0,0
10497958,27551,M,2074-02-11,UNKNOWN,UNKNOWN,533-37-5173,0,1
8507243,14972,M,2151-09-09,2109-09-18 00:00:00,UNKNOWN,226-09-1283,0,1
7048827,65465,M,2073-10-03,UNKNOWN,UNKNOWN,311-72-4365,0,1
8664392,45435,F,2129-08-10,UNKNOWN,UNKNOWN,313-39-0790,0,0
999641,23394,M,2104-12-25,UNKNOWN,UNKNOWN,511-21-2327,0,0
10091223,96767,F,2066-05-09,UNKNOWN,UNKNOWN,661-65-7468,0,0
7808277,26172,F,1872-11-08,2193-12-08 00:00:00,UNKNOWN,378-11-0283,1,0
7230858,7803,M,2025-04-15,UNKNOWN,2161-12-10 00:00:00,652-30-1817,1,1
14725844,17886,F,2083-11-08,UNKNOWN,2103-04-09 00:00:00,511-52-9031,0,1
7405902,75271,M,2070-12-22,UNKNOWN,UNKNOWN,867-31-2977,0,1
14241652,1612,F,2121-05-19,2119-03-19 00:00:00,UNKNOWN,129-03-2191,0,0
449726,60685,M,2144-02-24,2183-10-14 00:00:00,UNKNOWN,547-20-3802,1,0
11340826,21566,M,2043-09-04,UNKNOWN,UNKNOWN,312-11-8526,1,0
5054545,21568,M,2074-04-13,2148-12-02 00:00:00,UNKNOWN,769-10-8616,0,1
12319898,19319,M,2137-09-07,2114-10-30 00:00:00,UNKNOWN,732-01-8029,0,1
8966066,1854,M,2131-03-09,UNKNOWN,UNKNOWN,612-18-5477,0,1
6249898,80046,M,2110-07-17,UNKNOWN,UNKNOWN,345-36-2428,1,0
4135537,43003,F,2063-08-19,UNKNOWN,UNKNOWN,110-50-6084,0,1
3281637,7152,F,2016-05-24,UNKNOWN,UNKNOWN,017-88-4236,1,0
11042445,27758,F,2124-04-19,2132-05-02 00:00:00,UNKNOWN,209-12-5134,0,1
5792010,14739,F,2056-06-16,UNKNOWN,2118-04-09 00:00:00,209-89-8016,0,0
15398262,10936,F,2097-05-02,UNKNOWN,UNKNOWN,837-28-0247,0,1
14835848,89415,F,2047-02-09,2107-01-13 00:00:00,2151-04-26 00:00:00,229-88-7685,1,0
14185847,90861,M,2097-08-15,UNKNOWN,UNKNOWN,049-35-8054,0,0
310914,27863,M,2094-05-06,2127-08-29 00:00:00,UNKNOWN,331-61-5569,0,1
16763855,4713,M,2147-08-24,UNKNOWN,UNKNOWN,651-47-4925,0,1
9716694,65516,M,1988-02-21,2135-07-21 00:00:00,2188-05-18 00:00:00,819-54-9099,0,1
2910963,25106,F,2116-03-04,UNKNOWN,UNKNOWN,601-64-1341,0,0
16464590,13692,M,2008-12-08,2116-07-14 00:00:00,2114-11-20 00:00:00,274-36-1880,1,1
10992284,32792,M,2099-08-25,2119-04-07 00:00:00,UNKNOWN,339-95-0369,0,1
10963730,75488,F,2154-09-10,2184-12-25 00:00:00,2133-09-13 00:00:00,618-53-9277,0,0
753800,85885,M,2103-09-29,2199-08-21 00:00:00,2157-10-23 00:00:00,549-69-6692,1,1
14085086,2938,M,2167-06-05,UNKNOWN,UNKNOWN,671-74-6776,0,1
6386285,29856,M,2075-01-02,2143-03-29 00:00:00,2202-09-29 00:00:00,297-80-1614,0,1
97526,24097,M,2066-07-15,UNKNOWN,2141-10-28 00:00:00,289-18-3207,1,1
12752057,24816,M,2056-10-16,2173-07-27 00:00:00,UNKNOWN,738-27-9821,1,1
5038628,41452,F,2144-06-04,UNKNOWN,2145-01-29 00:00:00,340-21-3375,0,1
14080373,7008,F,2121-06-11,2174-09-03 00:00:00,UNKNOWN,161-01-1449,1,0
5606169,4217,F,2097-02-28,UNKNOWN,UNKNOWN,671-74-0920,0,0
11917725,49828,M,2129-01-23,UNKNOWN,UNKNOWN,734-27-0988,1,1
8819513,6628,M,2156-12-08,UNKNOWN,UNKNOWN,257-87-6757,0,1
2399037,3509,F,2105-06-27,2171-02-26 00:00:00,2200-02-13 00:00:00,766-42-3732,1,0
12288917,8371,F,2134-01-20,UNKNOWN,UNKNOWN,508-94-1485,0,0
11010504,56552,M,2048-08-15,UNKNOWN,UNKNOWN,336-89-8450,0,0
1349212,4017,M,2078-06-01,UNKNOWN,UNKNOWN,644-42-2590,0,1
629283,62464,M,2051-01-20,UNKNOWN,2178-05-18 00:00:00,698-19-4427,0,1
7829698,14715,M,2146-05-01,2105-02-07 00:00:00,UNKNOWN,880-65-9804,0,1
7345858,16556,M,2086-04-18,UNKNOWN,UNKNOWN,736-59-3947,0,1
4891179,30456,F,2100-09-09,UNKNOWN,UNKNOWN,396-72-2192,0,0
10327687,11521,F,2096-12-19,UNKNOWN,UNKNOWN,178-43-2508,0,0
16432776,5128,F,2186-07-23,UNKNOWN,UNKNOWN,107-36-2291,0,0
12784000,19522,F,2153-01-03,UNKNOWN,UNKNOWN,569-92-9209,1,0
10738427,15015,M,2097-01-13,2132-04-05 00:00:00,2186-06-28 00:00:00,785-58-9673,1,0
8068387,15963,F,2132-07-08,UNKNOWN,UNKNOWN,310-11-1855,0,0
16750868,14235,M,2057-06-17,UNKNOWN,UNKNOWN,758-55-7909,1,1
9344237,42491,F,2117-04-11,UNKNOWN,UNKNOWN,117-90-6551,0,1
11025848,21096,F,2134-09-25,UNKNOWN,UNKNOWN,523-87-0054,0,0
12532305,4344,F,2169-05-20,UNKNOWN,UNKNOWN,100-30-7376,0,0
14852576,91051,F,2069-02-28,2112-09-17 00:00:00,UNKNOWN,630-45-4124,0,0
4873142,46019,M,2099-10-25,UNKNOWN,UNKNOWN,352-67-2693,0,1
19728,30683,M,2031-09-11,UNKNOWN,UNKNOWN,163-70-8483,0,0
13666756,3048,M,2080-10-06,2134-01-09 00:00:00,2184-04-02 00:00:00,003-69-5665,1,1
153975,73299,F,1986-11-29,2146-07-11 00:00:00,2185-06-21 00:00:00,230-79-9313,1,0
2613193,12034,M,2141-09-11,2100-11-02 00:00:00,2119-02-01 00:00:00,026-08-0319,1,0
6385945,12781,M,2050-07-10,UNKNOWN,UNKNOWN,617-01-8597,0,0
16312417,79307,F,2085-07-17,2120-09-01 00:00:00,2192-03-27 00:00:00,138-34-0386,1,0
4961245,91384,F,1955-09-11,UNKNOWN,UNKNOWN,650-50-9313,1,1
4450323,16654,F,2060-08-31,2102-05-08 00:00:00,UNKNOWN,811-18-2995,0,0
13533858,56754,M,2093-06-20,UNKNOWN,UNKNOWN,535-24-1004,1,1
2400029,4890,F,2187-07-29,UNKNOWN,UNKNOWN,286-16-4265,0,0
6496040,94561,F,2015-07-13,2119-02-05 00:00:00,2109-03-23 00:00:00,363-19-1086,1,0
2554601,28486,F,2127-02-27,2138-07-23 00:00:00,UNKNOWN,613-54-4810,1,0
16653278,26372,F,2136-09-21,UNKNOWN,UNKNOWN,205-19-4394,0,0
16030415,24264,M,1931-07-28,2195-09-14 00:00:00,2142-10-16 00:00:00,170-68-4605,1,1
1822570,84416,M,2147-01-03,UNKNOWN,UNKNOWN,654-41-3576,0,1
10489224,14542,F,2048-05-20,UNKNOWN,UNKNOWN,167-89-9773,1,0
12987455,24642,F,2062-09-07,2139-12-03 00:00:00,UNKNOWN,066-28-2507,0,1
12266987,6052,F,2023-04-04,2166-07-09 00:00:00,UNKNOWN,582-72-3724,1,0
15613069,30965,F,2098-02-12,2115-05-01 00:00:00,UNKNOWN,703-49-5057,1,1
2066693,4405,F,2132-04-09,UNKNOWN,UNKNOWN,241-02-7015,0,1
13439165,97358,M,2097-07-01,2179-02-27 00:00:00,UNKNOWN,754-77-9757,0,1
12328076,29551,M,2042-06-12,UNKNOWN,UNKNOWN,242-25-0551,0,0
12156590,16339,F,2049-10-08,UNKNOWN,UNKNOWN,298-94-0375,1,0
9284913,8567,M,2091-08-29,UNKNOWN,UNKNOWN,673-69-4756,0,1
6960843,89446,M,2027-01-12,UNKNOWN,2127-12-28 00:00:00,258-08-1777,0,1
6249569,10696,M,2152-05-28,UNKNOWN,UNKNOWN,483-36-7217,1,1
1872328,15837,F,1996-06-27,2130-07-17 00:00:00,UNKNOWN,692-04-4869,0,0
14681762,43737,F,2069-05-29,UNKNOWN,UNKNOWN,310-73-7123,0,0
11357714,1060,F,2163-05-04,UNKNOWN,UNKNOWN,265-07-0405,0,1
7400953,45753,M,2119-06-04,UNKNOWN,2197-04-24 00:00:00,333-18-0332,0,1
14494443,29146,M,1919-12-11,2182-02-18 00:00:00,2172-08-03 00:00:00,165-98-4370,1,1
6292865,10284,M,2095-11-21,UNKNOWN,UNKNOWN,258-02-8905,1,1
15933596,27409,M,2147-03-24,UNKNOWN,UNKNOWN,378-74-9357,0,0
6891356,78797,F,2094-09-17,UNKNOWN,2154-10-30 00:00:00,789-43-0300,1,1
14835300,10829,F,2082-01-03,UNKNOWN,UNKNOWN,740-24-9685,0,0
8998964,21252,M,2070-08-23,UNKNOWN,UNKNOWN,396-27-5308,1,1
9246001,6470,F,2122-03-01,2196-04-13 00:00:00,2190-02-27 00:00:00,608-35-9752,1,1
16033536,67673,M,2148-07-04,2177-01-13 00:00:00,2115-07-18 00:00:00,343-75-5350,0,1
4954913,6482,F,2116-05-08,UNKNOWN,2203-12-18 00:00:00,160-25-4265,1,0
15852565,30750,F,2085-12-21,UNKNOWN,UNKNOWN,072-06-1345,0,1
14675614,66936,F,2010-11-24,2129-01-25 00:00:00,2111-09-07 00:00:00,089-69-1825,1,0
14578344,2402,M,2161-01-15,2164-01-28 00:00:00,UNKNOWN,896-30-8727,0,1
16376731,7941,M,2188-09-10,UNKNOWN,2144-12-17 00:00:00,497-12-0457,0,1
11809250,71145,F,2046-04-24,2172-06-10 00:00:00,UNKNOWN,891-42-8079,1,0
8765468,6564,F,2152-08-05,UNKNOWN,UNKNOWN,469-10-4465,1,1
3444932,73713,M,2075-03-21,2134-07-21 00:00:00,UNKNOWN,384-54-6610,0,0
6501076,1213,M,2035-05-04,UNKNOWN,UNKNOWN,148-63-4269,0,1
7442708,45011,M,2006-01-17,2195-04-26 00:00:00,2153-10-12 00:00:00,250-35-2500,0,1
16044588,43037,F,2190-12-06,UNKNOWN,UNKNOWN,720-22-5180,0,0
16074756,17784,M,2074-01-07,2159-08-18 00:00:00,UNKNOWN,760-75-7283,0,1
13980282,68531,M,2125-01-20,2153-12-31 00:00:00,2131-06-30 00:00:00,362-45-2012,0,1
16673264,18235,M,2078-01-10,UNKNOWN,UNKNOWN,623-60-6156,0,0
10292988,20775,F,2010-07-23,UNKNOWN,UNKNOWN,769-87-5415,0,1
4653297,49202,M,2132-08-17,UNKNOWN,UNKNOWN,528-33-0870,0,1
13123602,56606,M,2124-05-24,UNKNOWN,UNKNOWN,384-40-3754,0,1
816357,25351,F,2109-02-23,UNKNOWN,UNKNOWN,113-45-0984,0,0
5931517,85141,M,2139-04-09,UNKNOWN,UNKNOWN,338-57-0541,0,1
16593545,17216,M,2130-04-13,UNKNOWN,UNKNOWN,642-23-1899,0,1
15975769,23887,F,2164-10-29,UNKNOWN,UNKNOWN,003-47-9181,0,1
4953214,29792,M,2159-10-28,2130-10-22 00:00:00,UNKNOWN,761-60-7245,0,1
7797511,32270,M,2165-06-05,UNKNOWN,UNKNOWN,304-18-8826,0,1
6821370,25356,F,2145-08-01,UNKNOWN,UNKNOWN,189-56-5392,0,0
8765524,29618,M,2074-10-29,UNKNOWN,UNKNOWN,845-14-7236,0,1
8193431,10201,F,2143-07-20,2155-02-18 00:00:00,2175-01-04 00:00:00,728-64-3885,1,1
11022016,229,F,2099-05-23,UNKNOWN,UNKNOWN,422-36-2912,0,0
7802156,13161,M,2078-04-13,UNKNOWN,UNKNOWN,670-92-1715,0,1
12824340,30088,F,2130-03-06,UNKNOWN,UNKNOWN,071-65-2440,0,0
4551919,25873,M,2061-11-05,UNKNOWN,UNKNOWN,382-07-2788,0,1
4916589,51783,M,2136-05-02,2131-04-16 00:00:00,UNKNOWN,744-45-5132,1,1
3103297,12680,M,2140-10-07,2137-10-10 00:00:00,2199-06-03 00:00:00,436-35-0824,1,1
4464699,1842,F,2139-03-03,UNKNOWN,UNKNOWN,884-03-0524,0,1
2157585,609,M,2154-11-02,2143-07-20 00:00:00,UNKNOWN,011-93-0149,1,1
4432214,43196,M,2110-06-04,UNKNOWN,UNKNOWN,413-32-7081,0,1
14270364,70319,F,2062-08-15,2186-12-22 00:00:00,UNKNOWN,257-11-6798,1,1
10369936,99657,M,2128-06-08,UNKNOWN,UNKNOWN,467-49-9617,0,1
3508541,24833,M,2134-08-12,UNKNOWN,UNKNOWN,001-43-0745,1,0
5639803,32026,M,2149-06-20,UNKNOWN,UNKNOWN,119-09-8306,0,1
9882019,22228,M,2118-07-09,2161-11-30 00:00:00,2127-05-04 00:00:00,336-39-7654,0,1
14498113,49015,F,2111-07-24,UNKNOWN,UNKNOWN,838-99-4887,0,0
8305151,27877,F,2045-02-19,UNKNOWN,UNKNOWN,550-53-2275,0,0
3706107,14122,M,2130-08-28,UNKNOWN,2166-05-16 00:00:00,044-75-0288,0,1
15894937,93623,F,2046-01-02,2164-07-19 00:00:00,UNKNOWN,367-40-3580,0,0
4699652,69758,M,2069-05-16,UNKNOWN,UNKNOWN,662-81-0046,0,0
13965938,24663,M,2054-09-19,UNKNOWN,UNKNOWN,878-69-4824,1,1
13337188,30155,F,2052-08-29,UNKNOWN,UNKNOWN,863-48-7689,0,0
14461810,89460,M,2115-11-02,UNKNOWN,UNKNOWN,160-94-1266,1,0
8689242,21061,M,2136-06-19,UNKNOWN,2171-11-02 00:00:00,253-74-7484,0,1
9740746,93679,M,2008-09-08,UNKNOWN,UNKNOWN,229-18-0126,0,1
12633790,19657,M,2117-11-19,UNKNOWN,2145-06-15 00:00:00,172-02-3158,0,1
16578208,64519,M,2079-01-07,UNKNOWN,UNKNOWN,723-90-4267,0,1
13182376,11386,M,2025-06-05,2109-07-23 00:00:00,UNKNOWN,031-14-0830,1,0
9017406,6646,F,2044-03-13,UNKNOWN,UNKNOWN,154-47-3531,1,0
15034335,15096,F,2140-02-26,UNKNOWN,UNKNOWN,847-08-9826,0,0
14877803,11680,F,2012-06-02,2167-01-07 00:00:00,2187-03-02 00:00:00,059-20-3080,1,0
12470977,91154,F,2152-06-15,UNKNOWN,UNKNOWN,483-21-3460,0,1
4218559,3207,F,2115-11-21,UNKNOWN,UNKNOWN,424-87-1967,0,1
14748283,23071,F,2101-11-20,2128-11-30 00:00:00,UNKNOWN,732-95-9024,1,1
3091219,74459,F,2070-09-05,2144-03-02 00:00:00,2181-10-02 00:00:00,834-20-7561,1,1
8098480,10186,M,2126-10-18,2118-11-14 00:00:00,UNKNOWN,345-30-2515,1,1
14228715,30063,M,2082-08-27,UNKNOWN,2192-09-06 00:00:00,233-43-4241,0,1
928123,20703,F,2027-12-23,UNKNOWN,UNKNOWN,314-11-5880,0,1
1056940,6441,M,2000-10-21,UNKNOWN,UNKNOWN,641-66-4888,0,1
15070999,82238,F,2073-01-06,UNKNOWN,UNKNOWN,266-30-7467,0,0
8619656,24326,M,2093-10-12,2193-03-15 00:00:00,2182-09-25 00:00:00,663-82-8226,0,1
15199761,63685,F,1988-04-23,UNKNOWN,UNKNOWN,404-98-3013,0,1
14207236,93602,M,2048-12-10,UNKNOWN,UNKNOWN,064-82-9164,0,1
6047538,6372,F,2017-05-31,2199-07-12 00:00:00,UNKNOWN,768-59-1555,0,0
13579590,31101,F,2054-08-24,UNKNOWN,UNKNOWN,138-64-4156,0,1
2640540,21985,F,2107-10-22,UNKNOWN,UNKNOWN,224-41-6778,0,0
40077,17476,F,2053-04-14,UNKNOWN,UNKNOWN,052-65-5194,0,0
5551897,14589,M,2162-03-24,UNKNOWN,UNKNOWN,505-09-2091,1,1
13020022,13529,M,2033-03-26,2196-11-30 00:00:00,2165-05-19 00:00:00,665-83-1110,1,1
4469253,3355,M,2073-02-21,UNKNOWN,UNKNOWN,851-70-7065,1,1
10268219,5056,F,2137-09-13,UNKNOWN,UNKNOWN,245-36-2496,0,1
8290129,98177,F,2001-09-16,2111-11-10 00:00:00,2161-11-24 00:00:00,288-89-4739,0,1
13219990,5213,F,2127-08-24,UNKNOWN,2140-09-10 00:00:00,469-41-1380,1,0
8682201,10444,M,2106-07-14,UNKNOWN,UNKNOWN,465-09-6722,0,1
4971781,16943,M,2150-10-05,UNKNOWN,UNKNOWN,473-59-8330,0,1
6536852,4991,F,2014-04-01,UNKNOWN,2156-06-14 00:00:00,525-40-3494,1,1
856364,76600,F,2051-06-19,UNKNOWN,UNKNOWN,446-46-8944,0,1
3760720,31212,F,2180-03-15,UNKNOWN,UNKNOWN,474-04-3975,0,0
7062594,14373,M,2178-01-02,UNKNOWN,UNKNOWN,758-57-2313,0,0
11882355,6189,F,2122-01-07,UNKNOWN,UNKNOWN,159-23-0613,0,0
5768945,23416,M,2135-03-15,2106-11-04 00:00:00,UNKNOWN,477-24-1826,0,1
6694984,8085,M,2114-06-10,UNKNOWN,UNKNOWN,146-76-1836,1,1
2485222,6366,M,2121-10-25,2161-03-10 00:00:00,UNKNOWN,440-16-7191,0,0
364651,4693,F,2113-06-12,UNKNOWN,UNKNOWN,520-41-2508,0,0
9698560,8883,M,2089-01-10,2181-04-11 00:00:00,UNKNOWN,167-25-4155,1,1
12066001,10543,M,2124-08-18,UNKNOWN,2143-10-20 00:00:00,819-72-0216,0,0
2749464,23817,M,2154-03-18,2175-03-01 00:00:00,UNKNOWN,589-96-8819,1,1
3449118,81891,M,2080-05-16,UNKNOWN,UNKNOWN,725-51-9483,0,0
517958,74340,M,1971-04-01,2130-10-29 00:00:00,UNKNOWN,083-97-5672,1,1
10085131,18035,F,2063-12-06,UNKNOWN,UNKNOWN,405-58-8475,0,0
13563710,41257,M,2121-05-20,2149-11-28 00:00:00,UNKNOWN,332-84-7783,0,1
15945004,8040,M,2129-06-07,2188-05-04 00:00:00,UNKNOWN,545-93-7687,0,0
11284598,28450,M,2154-05-17,UNKNOWN,UNKNOWN,084-45-6736,1,0
3077374,74345,M,2152-09-09,2118-04-11 00:00:00,UNKNOWN,577-86-3920,1,1
11715034,20140,F,2155-07-04,UNKNOWN,UNKNOWN,006-84-0131,1,1
15897682,11124,M,2124-02-14,UNKNOWN,UNKNOWN,772-54-6387,0,0
15559072,14454,M,2107-07-22,2178-05-25 00:00:00,UNKNOWN,485-57-0114,1,1
8564595,2888,F,2133-10-26,UNKNOWN,UNKNOWN,492-11-3374,0,0
4287775,13272,F,2176-07-12,UNKNOWN,UNKNOWN,588-28-6911,0,1
9002394,72309,M,1826-07-11,UNKNOWN,UNKNOWN,895-21-3119,0,1
6189009,19353,M,2028-11-20,2107-11-09 00:00:00,2190-06-06 00:00:00,682-77-4352,0,1
2799035,32780,M,2124-09-29,UNKNOWN,UNKNOWN,099-56-7259,0,1
8655588,78336,M,2133-10-06,2136-02-09 00:00:00,UNKNOWN,720-42-2865,0,1
16155314,67285,F,2169-07-24,UNKNOWN,UNKNOWN,528-18-0758,1,0
16408596,57562,F,2061-08-29,UNKNOWN,UNKNOWN,762-76-8580,1,1
1318522,19840,F,2104-03-29,2122-05-31 00:00:00,2125-09-30 00:00:00,251-11-5239,1,0
10291074,56133,M,2133-08-01,2131-07-26 00:00:00,UNKNOWN,590-72-4141,0,0
15198378,4132,F,2137-09-10,2165-04-02 00:00:00,UNKNOWN,057-62-4118,0,0
7974917,21147,M,1995-10-02,UNKNOWN,UNKNOWN,881-76-8124,0,1
4667462,26532,F,2096-06-19,UNKNOWN,UNKNOWN,821-32-4574,0,0
13915033,364,M,2156-08-05,2130-10-01 00:00:00,2130-01-12 00:00:00,648-96-2252,1,0
1778358,8405,F,2051-01-28,UNKNOWN,UNKNOWN,816-73-0650,1,0
15380927,27017,M,2129-07-19,UNKNOWN,UNKNOWN,619-85-4854,0,1
9324602,42434,M,2021-06-09,UNKNOWN,UNKNOWN,192-98-9483,0,1
10942719,10019,M,2139-08-07,UNKNOWN,UNKNOWN,753-24-7242,0,1
12198665,89688,M,2125-03-20,UNKNOWN,UNKNOWN,013-94-7209,0,1
10507818,31991,M,2030-09-12,UNKNOWN,UNKNOWN,822-98-4136,1,1
5126757,56040,M,2158-08-21,UNKNOWN,UNKNOWN,120-62-1777,0,1
1822133,5979,F,2107-11-15,2174-09-26 00:00:00,UNKNOWN,243-05-2478,1,1
5706837,5160,M,2097-11-29,UNKNOWN,UNKNOWN,006-95-5444,1,0
7232905,21475,F,2114-05-11,2183-12-28 00:00:00,UNKNOWN,129-10-7273,0,0
15474491,30798,F,2129-09-10,UNKNOWN,UNKNOWN,420-26-1459,1,0
9007736,82785,F,2123-12-01,UNKNOWN,UNKNOWN,026-14-5510,0,0
13774014,73876,F,2114-01-30,UNKNOWN,UNKNOWN,798-41-8289,0,0
13828314,66296,F,2065-10-04,2175-11-26 00:00:00,UNKNOWN,733-97-1680,0,0
2585542,77188,M,2053-08-18,2108-05-31 00:00:00,2156-01-04 00:00:00,893-25-4869,1,1
2331742,31182,M,2081-08-18,UNKNOWN,UNKNOWN,156-86-4655,0,1
12064210,81886,F,2100-07-10,2152-02-19 00:00:00,2144-02-05 00:00:00,290-42-6139,1,1
8530931,62715,M,2100-06-26,UNKNOWN,UNKNOWN,140-05-8095,0,0
7544676,81701,M,2167-05-24,UNKNOWN,UNKNOWN,654-10-3827,0,1
13939407,74709,M,2122-06-11,2129-02-26 00:00:00,2196-10-10 00:00:00,102-07-1146,1,1
3899577,24487,F,2123-05-15,UNKNOWN,UNKNOWN,319-40-5760,0,1
9230749,88165,M,2134-04-02,UNKNOWN,UNKNOWN,589-46-3261,0,0
15756,84170,M,2095-02-26,UNKNOWN,UNKNOWN,605-94-7153,0,1
3468352,74144,M,2008-11-07,UNKNOWN,UNKNOWN,559-38-3822,0,1
92016,10217,M,2072-10-06,UNKNOWN,UNKNOWN,891-50-2480,1,1
4029599,86086,M,2061-12-04,UNKNOWN,UNKNOWN,634-55-8532,1,1
2071367,635,M,2017-05-16,2195-09-22 00:00:00,2122-06-12 00:00:00,864-17-5910,0,0
13272242,22435,M,2150-07-08,UNKNOWN,UNKNOWN,185-17-9325,0,0
8924949,22028,F,2146-01-06,UNKNOWN,UNKNOWN,885-50-1459,0,0
203586,49583,M,1990-04-26,2157-04-08 00:00:00,2197-10-28 00:00:00,194-65-9235,1,1
3698142,4888,M,2088-10-31,2160-09-27 00:00:00,UNKNOWN,288-22-9058,1,1
16633514,47912,F,2062-02-22,UNKNOWN,UNKNOWN,538-09-5866,0,0
1671355,93432,F,2050-02-24,2152-08-26 00:00:00,UNKNOWN,490-89-4241,1,0
16613003,47133,M,2121-11-11,UNKNOWN,UNKNOWN,582-32-7772,0,1
13884563,11398,F,2087-02-16,2113-09-04 00:00:00,UNKNOWN,411-48-3413,1,0
11200245,59415,F,1994-07-24,UNKNOWN,2172-10-05 00:00:00,386-64-6549,0,1
2864982,5995,M,2076-09-10,2154-02-01 00:00:00,UNKNOWN,801-43-5827,0,1
12596654,58156,M,2099-05-27,UNKNOWN,2105-07-12 00:00:00,668-77-1920,0,1
6443524,70715,M,2116-05-16,UNKNOWN,UNKNOWN,252-12-0077,0,1
5272724,28508,F,1989-10-05,2186-07-07 00:00:00,UNKNOWN,494-50-4705,1,1
15049595,26066,M,1926-12-29,2116-10-21 00:00:00,2136-05-24 00:00:00,689-38-4090,0,0
2715509,1009,F,2156-02-29,2125-06-10 00:00:00,2138-11-14 00:00:00,408-34-1877,1,0
14710134,25605,F,2001-03-15,UNKNOWN,UNKNOWN,696-84-8959,1,0
14718844,23065,M,2062-03-26,2173-07-27 00:00:00,UNKNOWN,670-47-0835,1,1
3655471,70447,F,2161-05-08,UNKNOWN,UNKNOWN,401-39-1890,0,0
6882302,8579,F,2171-10-29,UNKNOWN,UNKNOWN,623-75-2117,0,0
12617977,12722,F,2031-03-07,UNKNOWN,UNKNOWN,056-15-6223,1,0
15215649,72562,M,2080-12-03,UNKNOWN,UNKNOWN,421-40-4917,0,1
11066890,22869,M,2054-06-24,2105-02-24 00:00:00,UNKNOWN,089-06-3941,1,1
12574171,99880,M,2130-06-15,UNKNOWN,UNKNOWN,295-70-6202,0,1
3407905,22672,M,2100-11-05,UNKNOWN,UNKNOWN,897-21-0604,1,1
16682716,27960,M,2005-07-24,2181-09-16 00:00:00,2174-10-29 00:00:00,349-18-1028,1,0
5670793,15445,F,2124-09-28,2165-09-21 00:00:00,2152-07-08 00:00:00,480-33-8903,1,0
1474344,75271,F,2078-04-20,2151-03-20 00:00:00,2115-01-23 00:00:00,326-54-4027,0,1
3781766,77010,M,2105-06-04,UNKNOWN,UNKNOWN,266-46-9446,0,1
5024416,93667,F,2115-05-12,UNKNOWN,UNKNOWN,406-02-9667,1,0
1060883,18065,F,2145-12-25,UNKNOWN,2165-09-29 00:00:00,460-01-5641,0,0
7928915,2503,F,2110-03-29,UNKNOWN,UNKNOWN,296-67-3003,0,0
14607658,29309,M,2122-01-20,2121-10-14 00:00:00,UNKNOWN,165-08-3426,0,0
3827128,12793,F,2163-05-01,2190-01-18 00:00:00,UNKNOWN,640-13-0171,0,0
7695095,20538,M,2060-03-31,2130-01-01 00:00:00,UNKNOWN,506-90-9821,1,1
3629820,13613,M,2170-03-04,UNKNOWN,UNKNOWN,333-30-6192,0,0
1779200,60985,M,2080-05-21,UNKNOWN,UNKNOWN,228-20-4559,0,0
3275023,43551,M,2107-05-07,UNKNOWN,UNKNOWN,643-08-8521,0,1
7262379,59594,F,2147-05-20,UNKNOWN,2135-03-05 00:00:00,037-21-8292,1,0
16772452,97102,M,2095-12-20,UNKNOWN,UNKNOWN,442-32-5808,0,0
16011520,23005,M,2028-11-27,UNKNOWN,UNKNOWN,492-06-6510,1,1
10801896,22090,F,2072-06-19,UNKNOWN,UNKNOWN,268-65-2913,0,0
10852784,11110,F,2119-04-06,2169-06-15 00:00:00,2192-04-20 00:00:00,796-38-7261,0,1
16133057,12740,M,2058-03-25,2152-12-11 00:00:00,2165-12-23 00:00:00,741-73-8723,1,0
3985321,51871,M,2108-01-05,2156-12-21 00:00:00,2115-09-11 00:00:00,657-72-2998,0,1
13907245,23032,F,1884-04-03,2156-08-29 00:00:00,2161-08-06 00:00:00,245-58-9318,1,0
10853078,56858,F,2097-06-06,UNKNOWN,UNKNOWN,461-37-5505,0,0
5003204,43084,F,2165-05-26,UNKNOWN,UNKNOWN,245-10-0461,0,0
12929232,16469,M,2035-11-29,UNKNOWN,UNKNOWN,461-73-3292,1,0
12191107,55923,F,2167-09-15,UNKNOWN,UNKNOWN,669-42-3199,0,0
3397876,8129,M,2115-04-30,2152-03-17 00:00:00,2105-04-22 00:00:00,409-73-9115,1,1
10698408,53654,M,2094-02-03,UNKNOWN,UNKNOWN,543-73-0641,0,1
4383515,6064,F,2065-08-17,2164-10-13 00:00:00,UNKNOWN,487-49-1801,1,0
7996919,93905,M,2048-02-21,UNKNOWN,2147-03-18 00:00:00,639-70-8242,1,0
15864931,73571,F,2013-05-05,UNKNOWN,UNKNOWN,439-02-9874,0,0
5726116,81886,M,1980-10-19,2156-07-14 00:00:00,UNKNOWN,300-23-2100,1,1
13331090,31174,F,2085-01-20,2130-04-20 00:00:00,UNKNOWN,227-94-8842,1,0
8687833,23015,M,2154-03-24,UNKNOWN,UNKNOWN,255-98-8252,0,1
8628958,52739,F,2083-12-18,UNKNOWN,UNKNOWN,033-08-8407,1,0
9574178,2487,M,2043-04-08,UNKNOWN,2155-06-19 00:00:00,751-34-8234,1,1
7976415,32040,F,1996-08-03,2109-03-10 00:00:00,UNKNOWN,534-76-8794,0,0
14678110,88000,F,2052-03-26,UNKNOWN,UNKNOWN,584-97-7381,0,0
16746486,21139,M,2041-10-29,UNKNOWN,UNKNOWN,167-92-4584,0,1
7101087,27308,F,2007-04-21,UNKNOWN,UNKNOWN,648-49-4736,0,0
12965589,22916,F,1995-11-20,2181-07-09 00:00:00,UNKNOWN,342-01-3026,0,0
3207496,99384,M,1929-03-23,2144-06-25 00:00:00,2192-01-29 00:00:00,272-41-6792,1,1
11819605,5774,M,2054-02-26,UNKNOWN,2124-05-18 00:00:00,435-42-4064,1,1
9778886,10534,M,2064-12-23,UNKNOWN,UNKNOWN,068-59-2387,0,1
11147818,9181,M,2169-01-11,UNKNOWN,UNKNOWN,207-87-8668,0,1
1216524,14563,F,2113-08-19,UNKNOWN,UNKNOWN,409-58-5262,0,0
3807401,80580,M,1955-08-27,2150-06-11 00:00:00,UNKNOWN,746-32-3711,0,0
11086853,18669,M,2142-03-12,2123-04-21 00:00:00,UNKNOWN,765-05-8518,0,0
7425896,31990,F,2096-06-01,2201-09-26 00:00:00,UNKNOWN,648-05-8744,0,0
12902254,57492,M,2118-08-31,UNKNOWN,UNKNOWN,033-49-7088,0,1
16068996,21593,F,2179-08-15,UNKNOWN,UNKNOWN,879-70-8459,0,0
9198507,32184,F,2149-01-31,UNKNOWN,UNKNOWN,234-38-8117,0,0
12775233,5693,F,2028-04-04,UNKNOWN,2116-02-15 00:00:00,878-57-5001,1,0
3012799,10063,M,1830-03-02,UNKNOWN,UNKNOWN,085-38-0121,0,0
6684498,505,F,2168-11-10,UNKNOWN,UNKNOWN,075-95-5969,0,0
13760118,7700,M,2129-08-17,2199-03-03 00:00:00,UNKNOWN,238-01-0363,0,1
15960419,60797,F,2062-11-14,2157-10-08 00:00:00,2137-03-14 00:00:00,457-89-0824,0,0
4409117,17445,F,2005-02-15,2142-04-25 00:00:00,2148-11-21 00:00:00,186-66-4282,1,0
15697097,27902,F,2136-07-14,UNKNOWN,UNKNOWN,478-11-3359,0,1
9406797,19819,F,2092-11-17,UNKNOWN,UNKNOWN,528-13-0386,0,0
5756770,26719,F,2114-05-11,UNKNOWN,UNKNOWN,465-62-0407,1,0
2551901,29085,M,2095-09-19,2196-02-22 00:00:00,2108-06-01 00:00:00,698-92-7813,1,1
9665714,29385,F,2073-08-29,2150-05-16 00:00:00,2138-06-01 00:00:00,790-42-4623,1,0
13290895,98310,M,2111-01-25,2164-06-22 00:00:00,UNKNOWN,851-02-3380,1,0
3892984,6124,F,2152-02-22,UNKNOWN,UNKNOWN,627-01-4352,0,0
8365862,59537,F,2129-05-04,UNKNOWN,UNKNOWN,088-87-0688,0,0
2564938,91525,F,2031-02-09,2191-05-25 00:00:00,2140-03-01 00:00:00,217-24-5496,1,0
1690686,76820,M,2064-12-10,2190-10-06 00:00:00,2142-04-17 00:00:00,435-07-9696,1,0
12720954,12437,M,2109-07-06,UNKNOWN,UNKNOWN,159-23-5732,0,1
2582255,30661,M,2079-11-11,2120-11-09 00:00:00,2159-06-15 00:00:00,209-74-2702,0,1
13059151,29288,M,2132-01-22,2134-09-20 00:00:00,2197-09-24 00:00:00,249-12-1180,0,1
4532345,71501,M,2083-08-12,UNKNOWN,UNKNOWN,741-86-4888,0,1
9954369,19981,M,2057-03-06,UNKNOWN,UNKNOWN,409-80-8712,0,1
532612,40388,F,2114-08-22,UNKNOWN,UNKNOWN,080-30-4731,1,0
1377568,29200,F,2079-10-21,UNKNOWN,UNKNOWN,143-60-6897,0,0
11358407,85828,F,2101-08-20,2127-11-10 00:00:00,UNKNOWN,862-42-1898,0,1
15959177,13495,M,2166-11-23,2119-01-17 00:00:00,UNKNOWN,680-99-9053,1,1
1021237,92036,M,2147-10-07,2174-03-29 00:00:00,UNKNOWN,483-52-4093,0,0
4614246,27055,M,2123-07-22,UNKNOWN,UNKNOWN,498-41-3591,0,1
10918836,31440,M,2154-10-24,UNKNOWN,UNKNOWN,143-55-0871,0,1
14286276,17600,M,1960-12-24,2150-04-13 00:00:00,UNKNOWN,067-74-5666,0,1
15990080,20878,F,2119-08-16,2140-01-30 00:00:00,UNKNOWN,751-88-6704,0,0
1946890,26331,F,2069-01-18,UNKNOWN,UNKNOWN,812-32-5633,0,0
13451188,21919,F,2058-04-02,UNKNOWN,2160-05-03 00:00:00,846-75-4102,1,1
2350886,87287,M,2160-07-02,UNKNOWN,UNKNOWN,037-50-0143,0,1
12729259,12185,M,2086-08-05,2110-05-20 00:00:00,UNKNOWN,571-06-0957,1,0
4596024,29074,M,2072-12-20,UNKNOWN,UNKNOWN,804-08-8467,0,0
15820300,90466,M,2090-01-25,2192-01-17 00:00:00,2102-12-13 00:00:00,542-74-8002,1,0
12418118,5034,F,2075-09-16,UNKNOWN,UNKNOWN,542-07-3241,0,0
14909972,62210,M,2071-06-05,2182-05-31 00:00:00,UNKNOWN,785-16-4363,0,0
7114103,30224,M,1955-02-21,UNKNOWN,UNKNOWN,353-68-4737,0,1
11644494,9257,M,2142-08-10,2104-08-20 00:00:00,UNKNOWN,484-02-6543,1,1
9129828,27582,F,1999-02-06,2118-01-21 00:00:00,UNKNOWN,839-69-9616,0,1
13041432,8176,M,2152-12-26,UNKNOWN,UNKNOWN,422-91-9475,0,1
7569176,29714,F,2174-11-19,UNKNOWN,UNKNOWN,637-74-8632,0,0
10906277,5658,F,2157-03-03,UNKNOWN,UNKNOWN,695-97-5352,1,0
6200280,98558,M,2113-09-12,UNKNOWN,UNKNOWN,795-41-2689,0,0
2333630,40545,F,2074-07-03,UNKNOWN,2199-09-01 00:00:00,119-74-8836,0,0
7353410,7985,M,2146-11-07,UNKNOWN,UNKNOWN,523-68-8501,0,1
12517728,15189,M,2076-01-05,UNKNOWN,UNKNOWN,506-28-8907,0,1
9997447,1446,F,2138-07-13,UNKNOWN,UNKNOWN,384-46-4097,0,0
10523468,29905,F,2092-07-28,2117-06-29 00:00:00,UNKNOWN,250-81-4824,1,0
4442854,27176,F,2146-12-06,UNKNOWN,UNKNOWN,352-62-4567,1,0
4880266,19898,F,2030-02-13,UNKNOWN,UNKNOWN,075-30-2366,0,0
7842802,21681,F,2024-05-20,UNKNOWN,UNKNOWN,348-70-0900,0,0
4343877,3734,M,2030-09-21,UNKNOWN,UNKNOWN,402-23-0194,1,1
12108381,48969,M,2045-12-22,2198-08-05 00:00:00,2111-07-13 00:00:00,576-91-7547,1,1
10431806,31534,F,2111-05-29,2173-07-05 00:00:00,2155-04-12 00:00:00,630-74-9265,1,1
13884016,59124,F,2047-09-11,2126-11-02 00:00:00,2108-03-10 00:00:00,240-80-5493,1,0
12920148,82681,M,2088-09-13,UNKNOWN,UNKNOWN,654-27-0565,1,1
16469903,18961,M,2128-04-10,UNKNOWN,UNKNOWN,595-62-2025,0,1
13633664,15717,M,2123-04-18,2141-04-08 00:00:00,UNKNOWN,092-73-3104,0,1
4601968,6285,M,2191-06-21,UNKNOWN,UNKNOWN,477-97-4308,0,0
14887531,23082,M,2135-03-02,UNKNOWN,UNKNOWN,181-70-9108,0,1
5297883,16380,M,2043-10-11,UNKNOWN,UNKNOWN,198-90-9599,0,1
12514636,3265,M,2026-09-04,UNKNOWN,2198-06-17 00:00:00,792-63-3388,0,1
13016842,2169,F,2135-09-24,UNKNOWN,UNKNOWN,785-78-5418,0,0
11483752,16621,F,2128-10-10,UNKNOWN,2152-08-10 00:00:00,021-95-3847,0,0
2540997,28618,F,1963-05-20,UNKNOWN,UNKNOWN,008-08-4185,0,0
2982499,65654,F,2044-01-30,2112-07-24 00:00:00,UNKNOWN,303-90-5414,0,1
15369577,14157,F,2117-01-30,UNKNOWN,UNKNOWN,409-53-0377,0,0
6608835,16204,M,2059-07-13,UNKNOWN,UNKNOWN,204-13-5758,1,1
15260573,23421,M,2056-07-06,2157-03-14 00:00:00,UNKNOWN,656-17-7543,1,1
2932462,71244,M,1903-07-08,2182-10-19 00:00:00,UNKNOWN,697-27-9972,1,1
4285586,9416,F,2167-11-03,UNKNOWN,UNKNOWN,313-55-9408,1,0
11217276,11109,F,2138-05-14,UNKNOWN,UNKNOWN,018-38-3251,1,1
3523108,16031,F,2012-06-29,UNKNOWN,UNKNOWN,398-67-3449,1,0
9777803,28156,F,2133-11-18,UNKNOWN,UNKNOWN,633-15-2826,0,1
15703324,94799,F,2126-08-30,2103-07-29 00:00:00,2180-05-18 00:00:00,519-47-0340,1,1
15714705,97503,M,1899-07-22,UNKNOWN,2121-10-12 00:00:00,513-76-6067,1,1
4278948,45974,M,1985-07-27,UNKNOWN,UNKNOWN,700-70-0859,0,0
12266496,3805,M,2126-07-06,2174-01-03 00:00:00,UNKNOWN,651-46-9881,1,1
6711824,18156,M,2132-02-26,UNKNOWN,UNKNOWN,057-51-5915,0,1
11378349,25886,F,2148-02-23,UNKNOWN,UNKNOWN,640-62-3169,1,0
6117227,6287,M,2017-12-26,UNKNOWN,UNKNOWN,157-19-2263,0,1
13206358,17794,M,2167-05-24,UNKNOWN,UNKNOWN,874-10-1144,0,0
6016615,2889,M,2099-11-12,UNKNOWN,UNKNOWN,073-88-5766,0,1
11489367,66123,M,2165-07-26,2184-06-10 00:00:00,2108-12-24 00:00:00,439-62-5071,0,1
13536167,64798,M,2105-03-22,2196-03-09 00:00:00,UNKNOWN,224-08-8906,0,0
16762528,4468,F,2096-08-26,UNKNOWN,UNKNOWN,483-17-8302,0,0
4610342,40997,M,2181-01-01,UNKNOWN,UNKNOWN,346-80-7052,0,1
11697368,1073,F,2030-11-30,2104-10-26 00:00:00,UNKNOWN,636-24-8816,1,0
8462129,32123,M,2111-12-17,2182-10-02 00:00:00,UNKNOWN,299-59-7461,1,1
541134,4468,M,2160-06-02,UNKNOWN,UNKNOWN,446-12-8952,0,1
12889415,7358,M,2042-05-07,2175-09-14 00:00:00,2162-11-24 00:00:00,572-01-3224,1,1
2171565,8610,F,2142-10-23,2183-12-28 00:00:00,UNKNOWN,040-56-3136,1,1
16552581,30433,F,1972-06-07,UNKNOWN,2171-11-09 00:00:00,196-56-4458,0,1
4847330,667,M,2142-04-10,UNKNOWN,UNKNOWN,324-82-1644,0,0
15336150,87470,F,2033-05-26,UNKNOWN,UNKNOWN,312-75-8667,1,0
2343219,21163,M,1986-06-15,2191-02-07 00:00:00,UNKNOWN,581-41-2546,1,1
651413,79562,F,2099-12-04,UNKNOWN,UNKNOWN,614-83-8758,0,0
703958,49369,M,1949-10-05,2124-07-15 00:00:00,UNKNOWN,493-48-3195,1,1
10973288,18092,M,2146-12-27,UNKNOWN,UNKNOWN,217-88-9330,0,0
10804793,81081,F,1994-06-03,2169-12-09 00:00:00,UNKNOWN,587-47-3659,0,0
16274110,12048,M,2090-04-07,UNKNOWN,2137-12-22 00:00:00,660-36-0646,1,1
579390,5631,M,2047-06-09,2122-06-14 00:00:00,UNKNOWN,216-44-3096,0,0
15821823,91327,F,2012-01-07,UNKNOWN,2101-10-06 00:00:00,024-82-4935,0,0
11598400,96813,M,2115-10-24,2193-03-19 00:00:00,UNKNOWN,793-89-7881,0,1
4558301,27079,F,1985-05-17,2167-09-30 00:00:00,2173-12-24 00:00:00,242-41-9413,1,0
7461020,7663,M,2156-01-29,UNKNOWN,UNKNOWN,358-82-3628,0,1
14196125,25641,F,2060-04-02,UNKNOWN,UNKNOWN,604-15-2486,0,0
11902757,756,M,2152-10-27,2184-10-04 00:00:00,2147-09-08 00:00:00,208-28-5194,1,1
9458249,60228,M,2066-02-14,2202-10-26 00:00:00,2121-02-26 00:00:00,824-63-3290,0,0
2039702,97467,M,2098-05-27,2163-08-18 00:00:00,UNKNOWN,665-96-3727,0,1
11474444,3574,M,2099-12-02,UNKNOWN,UNKNOWN,124-52-1313,0,1
14017107,978,M,2150-02-01,UNKNOWN,UNKNOWN,464-67-8093,1,1
10479877,76319,M,2085-10-31,2133-04-22 00:00:00,UNKNOWN,667-54-5217,0,1
11528133,94341,F,1987-01-26,UNKNOWN,2125-11-19 00:00:00,096-37-7716,0,0
3976391,11255,F,2075-03-21,2148-11-03 00:00:00,UNKNOWN,762-42-6201,0,0
1566308,12236,M,2118-08-17,2171-10-28 00:00:00,UNKNOWN,681-03-9203,0,1
5006626,7810,M,2066-06-05,UNKNOWN,UNKNOWN,260-94-7164,0,0
5712040,81032,F,2153-10-21,UNKNOWN,UNKNOWN,071-72-8519,0,1
6110269,45160,M,2097-11-22,2175-01-03 00:00:00,UNKNOWN,634-53-2597,0,1
762111,16127,F,2051-08-16,UNKNOWN,UNKNOWN,795-26-0182,0,0
8024815,10286,M,2162-05-24,UNKNOWN,UNKNOWN,781-61-5554,0,1
10979810,15116,M,2085-12-06,2125-12-04 00:00:00,2174-06-07 00:00:00,254-91-7815,0,1
10179899,25178,F,2108-08-14,2115-01-13 00:00:00,2110-04-29 00:00:00,500-33-0808,1,1
5070358,10814,F,2040-03-01,UNKNOWN,UNKNOWN,351-36-2663,0,0
13704827,18594,M,2080-06-03,2181-08-04 00:00:00,2203-07-26 00:00:00,437-57-1207,1,1
16242928,31004,M,2079-06-05,2168-02-19 00:00:00,UNKNOWN,289-90-8211,0,1
1898261,3353,F,2043-08-26,UNKNOWN,UNKNOWN,766-61-9013,0,0
1453275,73953,F,2048-04-20,2132-02-26 00:00:00,UNKNOWN,015-67-9854,1,0
5970399,17343,F,2126-03-19,2131-01-02 00:00:00,2169-09-06 00:00:00,267-15-6008,1,0
3547674,11532,M,2126-02-16,UNKNOWN,2166-08-04 00:00:00,143-91-2471,0,1
9590860,80210,M,2047-09-14,UNKNOWN,2189-09-13 00:00:00,159-29-4673,0,1
5262281,9732,M,2095-07-20,UNKNOWN,UNKNOWN,246-24-4129,0,1
15012199,24132,M,2014-03-08,UNKNOWN,2103-05-29 00:00:00,598-75-9704,0,1
13352783,26090,F,1971-09-07,2142-10-18 00:00:00,2180-09-12 00:00:00,001-32-9689,1,0
13594683,87864,M,2052-12-03,2188-12-08 00:00:00,UNKNOWN,299-44-1218,0,1
11518995,12580,M,2044-11-04,UNKNOWN,UNKNOWN,290-65-2907,1,0
4597078,26676,M,2035-08-31,UNKNOWN,UNKNOWN,493-04-6802,0,1
542690,69251,F,2072-05-02,UNKNOWN,UNKNOWN,410-61-7225,0,1
3770275,61198,M,2145-09-17,UNKNOWN,UNKNOWN,692-68-6886,0,0
1494677,82079,M,2165-02-14,2196-07-15 00:00:00,2188-08-18 00:00:00,390-30-9209,1,1
9179752,19313,F,2164-07-28,2149-07-29 00:00:00,2148-05-27 00:00:00,801-16-3518,0,1
12430049,91469,M,2107-04-21,UNKNOWN,UNKNOWN,322-29-0715,0,1
5435819,57953,F,2200-08-04,UNKNOWN,UNKNOWN,272-77-4618,0,0
12226448,3024,F,2171-06-03,UNKNOWN,UNKNOWN,848-76-4673,0,0
9354598,17823,F,2001-07-09,UNKNOWN,UNKNOWN,681-99-6861,1,1
6115904,5815,F,2088-08-12,2145-05-25 00:00:00,UNKNOWN,392-37-2086,1,1
11206075,43439,F,2116-07-02,UNKNOWN,UNKNOWN,035-98-2584,0,0
8236121,26658,F,2093-01-18,UNKNOWN,UNKNOWN,063-06-8503,1,0
8116242,26008,F,2084-12-28,UNKNOWN,UNKNOWN,481-29-4150,0,1
16603155,56636,M,2077-08-01,UNKNOWN,2143-12-26 00:00:00,207-93-4051,0,1
822071,4122,M,2121-03-26,UNKNOWN,UNKNOWN,437-86-5525,0,1
9514448,14453,M,2138-07-17,UNKNOWN,UNKNOWN,336-91-9607,0,1
12959340,13864,M,2079-09-12,UNKNOWN,UNKNOWN,632-41-8620,1,0
9422013,53860,M,2039-08-25,UNKNOWN,2186-11-05 00:00:00,016-45-9480,0,1
9531688,21494,M,2014-09-05,2148-03-01 00:00:00,UNKNOWN,004-95-5169,1,1
5659245,4267,F,2080-11-16,UNKNOWN,UNKNOWN,331-96-6281,0,1
6954289,95931,M,2025-08-31,2111-11-11 00:00:00,2104-02-22 00:00:00,845-05-7496,1,0
6715331,82159,M,2025-07-24,2108-08-10 00:00:00,2118-02-24 00:00:00,819-90-0163,1,1
1391417,86913,F,2079-08-24,UNKNOWN,UNKNOWN,238-98-8201,0,0
3489637,26197,F,2081-06-03,2122-07-18 00:00:00,UNKNOWN,880-17-0731,1,0
14826209,60505,F,2058-05-17,UNKNOWN,UNKNOWN,083-28-9503,0,0
5998732,18660,F,2150-12-24,2171-04-03 00:00:00,UNKNOWN,866-55-5818,0,1
4117774,73036,M,2073-03-07,2111-06-22 00:00:00,UNKNOWN,871-01-6146,1,1
4501834,29164,F,2083-10-14,UNKNOWN,UNKNOWN,372-77-2411,0,1
6572145,46667,F,2140-05-15,UNKNOWN,UNKNOWN,730-17-8329,0,0
14388464,4913,M,2121-09-11,2116-12-06 00:00:00,2203-08-16 00:00:00,735-57-1666,1,1
8565901,17991,M,2117-03-29,2183-10-06 00:00:00,2146-04-29 00:00:00,649-93-8975,1,1
15077779,19035,M,2056-04-14,UNKNOWN,UNKNOWN,388-36-3022,0,1
707480,86137,F,2083-08-25,UNKNOWN,UNKNOWN,789-72-8907,0,1
2411067,18333,M,2105-10-12,UNKNOWN,UNKNOWN,599-69-9792,0,1
14333108,15710,M,2009-04-14,UNKNOWN,UNKNOWN,296-10-3261,0,1
15450167,12996,F,2163-01-30,UNKNOWN,UNKNOWN,374-74-5206,0,0
3747781,21534,F,2082-06-07,UNKNOWN,UNKNOWN,170-17-8771,1,0
350666,9732,M,2095-04-03,UNKNOWN,UNKNOWN,637-29-4431,0,1
422040,14494,F,2109-05-07,2113-08-24 00:00:00,UNKNOWN,235-69-0487,0,0
5152937,92235,M,2060-07-14,2146-04-22 00:00:00,UNKNOWN,582-50-8328,1,1
4830260,83210,F,2093-05-27,UNKNOWN,UNKNOWN,668-13-1583,0,0
13259341,5127,M,2045-05-28,UNKNOWN,UNKNOWN,750-20-8969,0,1
4480428,25172,M,2047-12-24,2147-04-06 00:00:00,2127-05-30 00:00:00,431-05-4630,0,1
14319295,6196,F,2001-05-17,UNKNOWN,UNKNOWN,413-57-1577,1,0
15895338,22301,F,2053-01-20,UNKNOWN,UNKNOWN,343-08-6194,0,1
211879,8072,M,2088-09-21,UNKNOWN,UNKNOWN,667-50-4341,0,1
10479345,14967,F,2110-06-23,UNKNOWN,UNKNOWN,522-07-7422,0,0
14774893,3202,F,2145-05-30,UNKNOWN,UNKNOWN,177-12-5672,0,1
2953019,14240,F,2168-05-29,2197-06-28 00:00:00,2104-02-16 00:00:00,553-92-2215,0,0
15033799,7994,M,1956-01-24,2113-05-24 00:00:00,2154-05-01 00:00:00,377-45-7418,0,1
4052202,23639,M,2101-01-27,UNKNOWN,UNKNOWN,606-36-0269,0,1
14861611,48373,M,2108-06-13,UNKNOWN,UNKNOWN,655-14-0801,0,1
3021004,3377,F,2156-06-14,UNKNOWN,UNKNOWN,117-09-8257,1,0
5375167,2050,F,2111-01-09,UNKNOWN,UNKNOWN,168-98-1417,1,0
5130881,1504,F,2156-02-28,UNKNOWN,UNKNOWN,795-74-4766,0,1
16638718,7998,M,2073-01-20,2151-07-25 00:00:00,2182-08-07 00:00:00,137-47-9681,1,1
2630959,56861,M,2125-06-04,UNKNOWN,UNKNOWN,293-48-6478,1,1
15183156,85456,F,2176-05-06,UNKNOWN,UNKNOWN,812-97-4296,0,0
13146537,11027,F,2122-08-31,UNKNOWN,UNKNOWN,073-95-8917,1,0
9903000,18600,M,2106-08-28,2119-11-18 00:00:00,2143-02-24 00:00:00,793-21-5114,1,1
5552305,40293,M,2123-02-12,2146-09-06 00:00:00,UNKNOWN,601-72-4097,1,0
4848792,10186,M,2046-08-05,UNKNOWN,UNKNOWN,118-80-1163,1,1
15769633,2797,M,2068-07-06,UNKNOWN,UNKNOWN,878-80-1561,1,1
3627826,25969,F,2042-09-05,2191-05-06 00:00:00,2120-04-25 00:00:00,813-44-9252,1,0
1586104,27386,M,2097-10-18,UNKNOWN,UNKNOWN,691-05-1009,0,1
4352415,15289,M,2087-05-22,UNKNOWN,UNKNOWN,117-01-6233,0,1
1015527,78904,M,2128-02-14,UNKNOWN,UNKNOWN,030-09-3900,0,1
6848713,20840,F,1931-12-04,2182-08-12 00:00:00,UNKNOWN,533-25-2041,0,1
9689139,80616,M,2082-02-15,2132-06-05 00:00:00,UNKNOWN,045-33-1036,0,1
6754400,66662,M,2028-09-24,UNKNOWN,UNKNOWN,782-68-7882,0,1
11917410,63721,M,2106-05-18,2157-09-23 00:00:00,UNKNOWN,618-75-9322,0,1
16228676,4607,M,2135-09-21,UNKNOWN,UNKNOWN,304-45-5378,1,0
7147945,22069,M,2116-05-20,UNKNOWN,UNKNOWN,652-98-2822,0,0
10388306,3576,M,2177-05-23,UNKNOWN,UNKNOWN,780-78-9565,0,1
3311161,57299,M,2140-09-24,UNKNOWN,UNKNOWN,592-98-4172,1,1
13511750,27962,M,2140-04-17,UNKNOWN,UNKNOWN,259-89-8061,0,0
2918893,97605,F,2092-06-18,2118-05-28 00:00:00,UNKNOWN,860-92-8611,1,0
16127204,20711,M,2105-08-17,2168-04-15 00:00:00,UNKNOWN,247-65-3802,0,1
13985153,3904,M,2149-10-11,UNKNOWN,UNKNOWN,725-75-4863,1,1
3528452,26764,M,2044-04-10,2121-11-27 00:00:00,2172-04-15 00:00:00,520-77-8109,1,0
14845865,19555,M,2084-11-14,UNKNOWN,UNKNOWN,798-90-6796,0,1
2720843,11289,M,2089-06-27,UNKNOWN,UNKNOWN,103-01-2671,1,1
4035691,16441,F,2168-02-04,2152-12-30 00:00:00,UNKNOWN,890-05-3340,0,0
1815723,16080,F,2029-08-24,UNKNOWN,UNKNOWN,181-57-2291,0,0
10188873,99286,M,2163-11-29,UNKNOWN,UNKNOWN,698-99-9195,0,1
16506169,30314,M,1990-01-22,UNKNOWN,UNKNOWN,510-57-1527,1,1
5416177,13467,M,2016-07-22,UNKNOWN,UNKNOWN,423-36-8640,0,1
11692619,3496,F,2021-08-25,UNKNOWN,2197-12-14 00:00:00,115-56-4534,1,0
10531860,99491,M,2033-01-06,UNKNOWN,UNKNOWN,718-62-5943,0,0
35621,58007,F,2131-04-27,2186-05-14 00:00:00,UNKNOWN,123-71-1261,0,1
5359388,10774,F,1998-02-12,2117-10-29 00:00:00,2117-06-24 00:00:00,304-67-8215,0,1
16478699,19509,F,2051-12-10,2164-12-21 00:00:00,UNKNOWN,142-70-7561,1,0
10201736,88676,F,2062-08-26,2165-09-29 00:00:00,UNKNOWN,390-89-9118,0,0
11619280,26700,M,2101-05-01,2177-01-14 00:00:00,2163-05-02 00:00:00,842-95-4279,1,1
13470881,28576,M,2173-06-17,UNKNOWN,UNKNOWN,272-74-5386,1,0
16705771,7541,M,2011-01-24,UNKNOWN,UNKNOWN,066-48-0368,1,0
13066433,3377,M,1947-06-09,UNKNOWN,UNKNOWN,276-74-5067,0,1
1993560,15383,F,2106-10-29,UNKNOWN,UNKNOWN,636-69-6902,0,0
803842,31040,M,2148-09-08,UNKNOWN,UNKNOWN,687-95-2836,0,1
12383109,66546,M,2155-09-26,UNKNOWN,UNKNOWN,878-68-0887,0,1
10542160,42929,M,2083-08-17,2116-06-23 00:00:00,UNKNOWN,840-60-6997,1,0
6847040,29504,M,2173-08-09,UNKNOWN,UNKNOWN,430-74-9373,0,1
12169678,32433,M,2111-03-08,UNKNOWN,2202-06-09 00:00:00,866-07-5468,0,1
8776620,64160,M,2077-10-17,2163-05-18 00:00:00,UNKNOWN,647-69-4145,1,1
3621870,65620,M,2169-11-17,UNKNOWN,UNKNOWN,728-39-6986,0,0
14381697,15195,M,1894-07-14,2117-08-25 00:00:00,2184-11-11 00:00:00,602-83-0790,1,0
12875221,3113,F,2132-12-28,UNKNOWN,UNKNOWN,417-82-1444,0,1
749388,14234,M,2140-03-19,UNKNOWN,UNKNOWN,651-55-6751,0,0
11133016,784,F,2123-05-20,UNKNOWN,UNKNOWN,582-98-4442,0,0
4400928,20214,M,2059-07-03,UNKNOWN,UNKNOWN,694-71-0267,0,1
1027899,22523,F,2065-06-01,2115-11-12 00:00:00,UNKNOWN,022-23-3540,1,1
9607860,14627,M,2107-05-27,2187-07-16 00:00:00,UNKNOWN,530-54-6301,1,1
4027834,59261,F,2087-11-05,2167-04-24 00:00:00,UNKNOWN,377-96-9606,1,0
7549235,31197,M,2017-03-03,UNKNOWN,2172-10-05 00:00:00,194-75-7715,1,1
1011267,6555,F,2079-12-16,2167-01-01 00:00:00,UNKNOWN,551-96-8490,1,0
4202037,15618,M,2085-03-09,UNKNOWN,UNKNOWN,018-41-2911,0,1
11068480,15713,M,2150-12-30,2157-03-21 00:00:00,UNKNOWN,296-99-5020,1,1
1142400,15938,M,2147-04-24,UNKNOWN,UNKNOWN,565-34-0203,0,1
13409641,12058,F,2015-11-30,UNKNOWN,UNKNOWN,399-64-4157,0,0
3925567,30185,F,2083-05-09,2135-08-04 00:00:00,2177-09-05 00:00:00,838-12-3620,0,0
11764451,326,F,2156-06-03,UNKNOWN,UNKNOWN,372-35-5148,0,1
34445,27348,M,2132-10-12,UNKNOWN,2174-08-16 00:00:00,151-61-1885,0,0
15830675,24949,F,1919-03-22,UNKNOWN,UNKNOWN,824-12-8820,0,0
7518516,68268,F,2105-07-22,UNKNOWN,UNKNOWN,775-08-7073,0,0
15290813,32367,M,2071-09-07,2147-07-04 00:00:00,UNKNOWN,248-07-2450,0,0
11960735,1298,F,2093-12-21,UNKNOWN,UNKNOWN,189-57-5485,0,1
7611017,14649,M,2024-06-09,UNKNOWN,UNKNOWN,366-89-2165,1,1
16527755,17419,M,2164-04-22,UNKNOWN,UNKNOWN,208-49-2451,0,1
15705729,63383,F,1990-08-19,UNKNOWN,UNKNOWN,053-18-1051,0,0
987303,16382,F,2169-06-02,UNKNOWN,UNKNOWN,293-95-9422,0,0
14020053,88533,F,2032-09-07,2188-08-20 00:00:00,2164-12-06 00:00:00,309-45-3523,1,0
9989575,17987,M,2155-11-20,UNKNOWN,UNKNOWN,484-56-0399,0,1
6057617,81556,M,2077-04-04,2140-01-21 00:00:00,UNKNOWN,089-24-3714,1,1
8852310,3648,M,2029-06-17,UNKNOWN,2122-02-23 00:00:00,856-05-0399,1,1
9852215,28299,F,2149-01-07,UNKNOWN,UNKNOWN,731-16-0654,0,0
5995942,12464,M,2055-02-19,UNKNOWN,UNKNOWN,040-58-7279,0,1
13575761,943,F,2106-10-27,UNKNOWN,UNKNOWN,806-43-3102,0,0
12734240,28817,M,2049-12-17,UNKNOWN,UNKNOWN,389-17-3151,0,1
11729181,27386,M,2058-03-08,UNKNOWN,UNKNOWN,509-23-8163,0,1
5322063,27118,F,2100-04-30,2190-11-05 00:00:00,2113-09-20 00:00:00,553-06-1949,1,0
14227821,12971,M,2093-07-20,UNKNOWN,2143-04-26 00:00:00,805-61-7021,1,0
13188377,28229,M,2101-01-09,2176-04-05 00:00:00,UNKNOWN,409-74-8617,0,1
12880476,27189,F,2147-06-05,UNKNOWN,2126-03-05 00:00:00,174-67-6438,0,1
12540058,3933,M,1996-04-03,2139-04-20 00:00:00,UNKNOWN,722-59-0141,1,0
10047016,54355,M,2088-01-31,UNKNOWN,UNKNOWN,496-87-8914,0,1
8732950,23585,F,2141-10-11,UNKNOWN,UNKNOWN,590-62-6952,0,0
12598881,26906,M,2078-06-02,UNKNOWN,2136-02-19 00:00:00,496-17-0316,0,0
10423926,16748,F,2129-07-07,UNKNOWN,2146-01-25 00:00:00,077-04-9927,0,0
5104855,62634,M,2105-12-03,2187-01-27 00:00:00,2108-03-09 00:00:00,771-40-2248,0,1
11222620,10886,M,2150-09-11,UNKNOWN,UNKNOWN,389-69-6682,0,1
8132595,12540,M,2075-04-26,UNKNOWN,UNKNOWN,559-23-6075,0,1
16758765,13371,F,2090-09-23,UNKNOWN,UNKNOWN,487-83-4244,0,1
8814270,1542,M,2022-11-25,UNKNOWN,2105-06-12 00:00:00,112-70-5398,0,1
7216183,52412,M,2120-07-08,UNKNOWN,UNKNOWN,324-71-0969,0,1
2238722,58593,M,2041-11-08,2120-07-21 00:00:00,UNKNOWN,279-61-4868,1,0
4389421,69956,M,2135-07-19,UNKNOWN,UNKNOWN,561-09-7144,1,1
7368379,11704,M,2068-02-04,2148-05-04 00:00:00,UNKNOWN,338-12-0619,0,1
5698390,26142,F,2039-08-29,UNKNOWN,UNKNOWN,745-14-7355,0,0
4139391,8634,F,2084-06-07,UNKNOWN,UNKNOWN,802-52-9426,0,1
3648758,10748,F,2128-03-27,2177-10-29 00:00:00,2199-01-14 00:00:00,575-79-6253,1,1
10585687,69186,M,2120-04-16,2123-08-06 00:00:00,UNKNOWN,806-97-4193,0,0
7405783,20974,M,2006-02-25,2120-06-08 00:00:00,UNKNOWN,386-26-2160,0,1
5336677,94105,M,2095-04-09,2198-12-02 00:00:00,UNKNOWN,475-80-2778,0,1
12459751,2011,M,2078-05-18,UNKNOWN,UNKNOWN,402-18-8502,1,1
14803631,61856,F,2147-04-07,UNKNOWN,UNKNOWN,278-55-2575,0,1
4761548,2046,F,2098-05-01,UNKNOWN,2200-06-15 00:00:00,422-11-2761,1,0
1481455,11342,M,2112-06-23,2167-04-18 00:00:00,UNKNOWN,076-79-1240,1,1
5908059,5613,F,2186-01-29,UNKNOWN,UNKNOWN,178-94-1841,0,1
4237796,12319,M,2065-02-26,2179-07-21 00:00:00,2178-09-04 00:00:00,717-09-1220,1,0
12350740,20707,M,2045-11-11,2190-10-10 00:00:00,UNKNOWN,419-23-4988,1,1
4246963,32635,M,1956-09-20,UNKNOWN,UNKNOWN,738-59-3081,0,1
297412,59819,F,2156-08-31,UNKNOWN,2144-03-27 00:00:00,892-75-4368,0,0
7691787,10811,M,2064-05-29,UNKNOWN,UNKNOWN,406-72-1334,0,1
9278666,30136,F,2123-02-22,UNKNOWN,UNKNOWN,343-68-5580,0,0
4664201,15336,M,2199-04-11,UNKNOWN,UNKNOWN,368-34-8133,0,0
8974353,28440,M,2161-02-28,UNKNOWN,UNKNOWN,674-16-9433,0,1
2088024,25449,M,2142-12-27,2174-10-10 00:00:00,2196-12-03 00:00:00,532-30-0546,1,1
14253700,16376,F,2094-01-01,UNKNOWN,UNKNOWN,054-95-8482,1,1
10093113,5664,M,2112-06-12,UNKNOWN,UNKNOWN,543-08-7417,0,1
6061960,24159,F,2050-07-18,2171-05-05 00:00:00,2182-08-12 00:00:00,131-91-3020,1,1
4237366,5850,M,2120-07-30,UNKNOWN,UNKNOWN,789-31-5706,0,1
1781025,86677,F,2127-03-16,2111-01-12 00:00:00,UNKNOWN,632-96-7655,1,0
15856212,56187,M,2170-07-04,2137-03-24 00:00:00,UNKNOWN,749-94-5541,0,1
1345566,88140,M,1979-07-05,2159-01-12 00:00:00,UNKNOWN,327-73-5078,0,1
15585842,72016,M,2107-09-23,2129-12-01 00:00:00,UNKNOWN,616-27-0801,0,1
4045559,66841,M,2118-10-20,UNKNOWN,UNKNOWN,320-04-2235,0,1
13311046,86583,M,2066-12-08,UNKNOWN,UNKNOWN,318-08-3467,0,1
9584633,70373,M,2118-04-09,UNKNOWN,UNKNOWN,554-11-2341,0,1
16019372,85160,F,2101-04-16,UNKNOWN,UNKNOWN,429-34-1023,0,1
3073822,50750,F,2063-08-08,UNKNOWN,UNKNOWN,392-35-5259,0,1
103826,876,M,2103-01-14,2161-09-22 00:00:00,UNKNOWN,033-10-3326,1,1
10129947,22811,F,2082-02-13,UNKNOWN,UNKNOWN,646-93-6278,0,0
6514227,29436,F,1903-09-04,UNKNOWN,UNKNOWN,273-30-0407,0,0
6140262,2302,F,1913-02-09,2134-07-09 00:00:00,2113-04-19 00:00:00,004-49-7071,1,0
11384990,96747,F,2091-04-05,UNKNOWN,UNKNOWN,129-36-1968,0,0
5733077,40253,M,2061-11-30,2191-01-27 00:00:00,UNKNOWN,454-33-1607,0,0
5416741,16248,M,2101-03-28,UNKNOWN,UNKNOWN,807-02-1065,0,1
14668917,856,M,2172-04-25,UNKNOWN,UNKNOWN,450-07-8265,0,1
10471190,29603,M,2162-03-30,UNKNOWN,UNKNOWN,516-68-7760,1,0
10414934,407,F,2163-05-11,UNKNOWN,UNKNOWN,513-50-4312,0,0
1093903,70864,M,1879-06-10,2106-04-18 00:00:00,2108-01-11 00:00:00,512-71-4187,1,0
15936730,12838,M,1962-03-16,2144-04-03 00:00:00,2138-06-11 00:00:00,853-08-1342,1,0
8003671,52136,F,2068-06-09,UNKNOWN,2114-09-28 00:00:00,798-61-6983,0,0
16385504,11305,F,2193-05-26,UNKNOWN,UNKNOWN,459-95-1078,0,1
9279254,50537,M,2047-07-03,2139-02-15 00:00:00,2162-04-09 00:00:00,859-31-5335,0,1
16112440,30914,M,2118-07-09,UNKNOWN,UNKNOWN,858-21-7093,0,1
